Latitude,Longitude,STATION_NAME,STATION_CODE,DIVISION,STATE,CATEGORY
18.3166833,83.5701319,CHIPURUPALLE,CPP,WAT,ANDHRA PRADESH,D
16.709965,81.110238,KOTABOMMALI,KBM,WAT,ANDHRA PRADESH,D
17.8916901,83.1859179,KOTTAVALASA,KTV,WAT,ANDHRA PRADESH,D
18.579191,84.283289,NAUPADA,NWP,WAT,ANDHRA PRADESH,D
18.7711547,83.4278664,PARVATIPURAM,PVP,WAT,ANDHRA PRADESH,D
18.7839941,83.4337553,PARVATIPURAM TOWN,PVPT,WAT,ANDHRA PRADESH,D
15.9128998,79.7399875,PONDURU,PDU,WAT,ANDHRA PRADESH,D
15.9128998,79.7399875,TILARU,TIU,WAT,ANDHRA PRADESH,D
16.582839,81.3691064,AKIVIDU                                           ,AKVD,BZA       ,ANDHRA PRADESH,D
17.6401613,79.0362544,ALER                                              ,ALER,SC        ,ANDHRA PRADESH,D
16.9364954,81.9540892,ANAPARTI                                          ,APT ,BZA       ,ANDHRA PRADESH,D
19.0525339,79.4858121,BELLAMPALLI                                       ,BPA ,SC        ,ANDHRA PRADESH,D
17.524496,78.898625,BHONGIR                                           ,BG  ,SC        ,ANDHRA PRADESH,D
17.5333344,78.5152635,BOLARAM                                           ,BMO ,HYB       ,ANDHRA PRADESH,D
17.7246309,83.3095718,CUMBUM                                            ,CBM ,GNT       ,ANDHRA PRADESH,D
15.8338716,79.484553,DONAKONDA                                         ,DKD ,GNT       ,ANDHRA PRADESH,D
15.9128998,79.7399875,DORNAKAL,DKJ,SC,ANDHRA PRADESH,D
16.9277261,81.9207911,DWARAPUDI                                         ,DWP ,BZA       ,ANDHRA PRADESH,D
17.5535456,82.8528781,ELAMANCHILI                                       ,YLM ,BZA       ,ANDHRA PRADESH,D
18.3097243,83.8981331,GADWAL,GWD,HYB       ,ANDHRA PRADESH,D
16.5186249,80.6198977,GHANPUR,GNP ,SC        ,ANDHRA PRADESH,D
15.3794541,78.9262904,GIDDALUR                                          ,GID ,GNT       ,ANDHRA PRADESH,D
17.00711,81.7713153,GODAVARI                                          ,GVN ,BZA       ,ANDHRA PRADESH,D
15.1781809,77.1034241,JADCHERLA                                         ,JCL ,HYB       ,ANDHRA PRADESH,D
18.2899984,79.4767551,JAMIKUNTA                     ,JMKT,SC        ,ANDHRA PRADESH,D
14.6864462,77.5838265,JANGAON                                           ,ZN  ,SC        ,ANDHRA PRADESH,D
14.1146233,78.1654912,KADIRI                                            ,KRY ,GTL,ANDHRA PRADESH,D
16.5507627,81.2179747,KAIKALUR                                          ,KKLR,BZA       ,ANDHRA PRADESH,D
17.7222014,83.2892612,KESAMUDRAM                                        ,KDM ,SC        ,ANDHRA PRADESH,D
13.956904,79.350563,KODURU                                            ,KOU ,GTL,ANDHRA PRADESH,D
17.0069821,81.7267095,KOVVUR                                            ,KVR ,BZA       ,ANDHRA PRADESH,D
16.477002,80.60567,KRISHNA                                           ,KSN ,GTL,ANDHRA PRADESH,D
16.469684,79.43841,MACHERLA                                          ,MCLA,GNT       ,ANDHRA PRADESH,D
15.3283968,78.223287,MADHIRA                                           ,MDR ,SC        ,ANDHRA PRADESH,D
17.368903,78.480133,MALKAJGIRI                                        ,MJF ,HYB       ,ANDHRA PRADESH,D
16.437717,80.564576,MANGALAGIRI                                       ,MAG ,GNT       ,ANDHRA PRADESH,D
17.8984382,80.8118236,MANUGURU                                          ,MUGR,SC        ,ANDHRA PRADESH,D
15.7149089,79.3029798,MARKAPUR ROAD                                     ,MRK ,GNT       ,ANDHRA PRADESH,D
16.8604225,79.5334501,MIRYALAGUDA                                       ,MRGA,GNT       ,ANDHRA PRADESH,D
16.9538599,82.2405709,MOULA ALI                                         ,MLY ,SC        ,ANDHRA PRADESH,D
14.689044,78.397378,MUDDANURU                                         ,MOO ,GTL,ANDHRA PRADESH,D
16.5901536,79.7231483,NADIKUDI,NDKD,GNT       ,ANDHRA PRADESH,D
16.2296948,80.0399427,NARASARAO PET                                     ,NRT ,GNT       ,ANDHRA PRADESH,D
17.451852,82.724168,NARSIPATNAM ROAD                                  ,NRP ,BZA       ,ANDHRA PRADESH,D
17.4341868,78.4870208,NEKONDA                                           ,NKD ,SC        ,ANDHRA PRADESH,D
16.0680409,80.5574732,NIDUBROLU                                         ,NDO ,BZA       ,ANDHRA PRADESH,D
13.4509955,79.1145735,PAKALA,PAK,GTL,ANDHRA PRADESH,D
16.2521635,81.1438233,PEDANA                                            ,PAV ,BZA       ,ANDHRA PRADESH,D
15.9128998,79.7399875,PEDDAPALLI                                        ,PDPL,SC        ,ANDHRA PRADESH,D
16.4803383,79.8908876,PIDUGURALLA                                       ,PGRL,GNT       ,ANDHRA PRADESH,D
15.8365459,78.0600178,PITHAPURAM                                        ,PAP ,BZA       ,ANDHRA PRADESH,D
16.7131661,81.1065689,POWERPET                                       ,PRH ,BZA       ,ANDHRA PRADESH,D
14.185251,79.1529242,RAJAMPET                                          ,RJP ,GTL,ANDHRA PRADESH,D
16.0181982,80.8288786,REPALLE                                           ,RAL ,GNT       ,ANDHRA PRADESH,D
16.4936139,80.6837835,SANATNAGAR                                        ,SNF ,SC        ,ANDHRA PRADESH,D
16.2427544,80.0507072,SATTENAPALLE                                      ,SAP ,GNT       ,ANDHRA PRADESH,D
17.0648384,78.2130239,SHADNAGAR                                         ,SHNR,HYB       ,ANDHRA PRADESH,D
17.4504957,78.1307044,SHANKARPALLI                                      ,SKP ,SC        ,ANDHRA PRADESH,D
14.9085777,77.9774219,TADIPATRI                                         ,TU  ,GTL,ANDHRA PRADESH,D
16.9538599,82.2405709,UMDANAGAR                                         ,UR  ,HYB       ,ANDHRA PRADESH,D
14.4053807,79.9575198,VEDAYAPALEM                                       ,VDE ,BZA       ,ANDHRA PRADESH,D
13.9440402,79.6042515,VENKATAGIRI                                       ,VKI ,GTL,ANDHRA PRADESH,D
16.0506225,79.7478396,VINUKONDA                                         ,VKN ,GNT       ,ANDHRA PRADESH,D
16.5421411,81.6327485,VIRAVASARAM                                       ,VVM ,BZA       ,ANDHRA PRADESH,D
15.9128998,79.7399875,WANPARTHI ROAD                                    ,WPR ,HYB       ,ANDHRA PRADESH,D
22.5779521,88.368099,ZAHIRABAD                                         ,ZB  ,SC        ,ANDHRA PRADESH,D
10.1080314,76.3571198,EKAMBARAKUPPAM(FLAG)               ,EKM  ,MAS,ANDHRA PRADESH,D
13.9080253,79.9015157,NAYUDUPETA                         ,NYP  ,MAS,ANDHRA PRADESH,D
13.4399417,79.5529832,PUTTUR                             ,PUT  ,MAS,ANDHRA PRADESH,D
13.6965942,80.0181894,SULLURUPETA                        ,SPE  ,MAS,ANDHRA PRADESH,D
12.7473075,78.3399271,KUPPAM,KPN ,SBC,ANDHRA PRADESH,D
14.1000902,77.5930592,PENUKONDA,PKD,SBC,ANDHRA PRADESH,D
27.1548848,95.2790097,BADARPUR  ,BPB,LMG,ASSAM,D
27.0635627,95.0322712,BHOJO,BOJ,TSK,ASSAM,D
26.0771211,89.9558971,BIJNI ,BJF,RNY,ASSAM,D
26.0193917,93.7801602,BOKAJAN,BXJ,LMG,ASSAM,D
26.2029068,92.5123086,CHAPARMUKH,CPK,LMG,ASSAM,D
26.0229838,89.9777459,DHUBRI,DBB,APDJ,ASSAM,D
26.2006043,92.9375739,DIGARU,DGU,LMG,ASSAM,D
27.3831252,95.617294,DIGBOI,DBY,TSK,ASSAM,D
27.366665,95.3067075,DULIAJAN,DJG,TSK,ASSAM,D
26.3648565,90.1862323,FAKIRAGRAM,FKM,APDJ,ASSAM,D
26.4644623,94.0018721,FURKATING,FKG,TSK,ASSAM,D
26.1269824,90.6209931,GOALPARA TOWN ,GLPT,RNY,ASSAM,D
26.2006043,92.9375739,GOLAGHAT,GLGT,TSK,ASSAM,D
26.4295301,89.975367,GOSAIGAONHAT,GOGH,APDJ,ASSAM,D
24.6919663,92.5436667,HAILAKANDI,HKD,LMG,ASSAM,D
26.125383,92.197507,JAGIROAD,JID,LMG,ASSAM,D
26.2006043,92.9375739,KAMPUR,KWM,LMG,ASSAM,D
24.8602756,92.3727013,KARIMGANJ,KXJ,LMG,ASSAM,D
25.9147986,92.958095,LANKA,LKA,LMG,ASSAM,D
27.2911769,95.7384619,LEDO,LLO,TSK,ASSAM,D
26.2006043,92.9375739,LOWER HALFLONG,LFG,LMG,ASSAM,D
27.486663,95.440088,MAKUM JN,MJN,TSK,ASSAM,D
26.8403568,80.9362082,MARGHERITA,MRG,TSK,ASSAM,D
27.182971,94.9191755,MORANHAT,MRHT,TSK,ASSAM,D
26.2006043,92.9375739,NAHARKATIA,NHK,TSK,ASSAM,D
26.451002,91.439099,NALBARI ,NLV,RNY,ASSAM,D
26.1119503,92.8604911,NAMRUP,NAM,TSK,ASSAM,D
26.8108039,92.577544,NEW MISAMARI ,NMM,RNY,ASSAM,D
27.2542022,94.1108599,NORTH LAKHIMPUR ,NLP,RNY,ASSAM,D
26.4971846,91.1776071,PATHSALA ,PBL,RNY,ASSAM,D
26.8213925,92.6825556,RANGAPARA NORTH,RPAN,RNY,ASSAM,D
26.2006043,92.9375739,SARUPATHAR,SZR,LMG,ASSAM,D
26.9175626,94.7558888,SIMALUGURI,SLGR,TSK,ASSAM,D
26.9902027,94.6431785,SIVASAGAR TOWN,SRTN,TSK,ASSAM,D
26.4716739,91.2678145,TIHU,TIHU,RNY,ASSAM,D
26.6018053,94.199624,TITABAR,TTB,TSK,ASSAM,D
25.5820574,85.9000585,BACHWARA JN.,BCA,SEE,BIHAR,D
25.8851279,87.1930692,BANMANKHI JN.,BNKI,SPJ,BIHAR,D
25.2825224,86.0156677,BARAHIYA,BRYA,DNR,BIHAR,D
25.558777,84.448724,BIHIYA,BEA,DNR,BIHAR,D
25.561028,84.872358,BIHTA,BTA,DNR,BIHAR,D
25.6215315,85.0686191,CHANPATIYA,CAI,SPJ,BIHAR,D
25.9086543,86.7829725,DAURAM MADHEPURA,DMH,SPJ,BIHAR,D
25.6678707,85.4083049,DESARI,DES,SEE,BIHAR,D
25.9761658,85.5649596,DHOLI,DOL,SEE,BIHAR,D
28.6829169,77.2201189,DIGHWARA,DGA,SEE,BIHAR,D
25.0960742,85.3131194,EKANGARSARAI,EKR,DNR,BIHAR,D
25.5031686,85.3039681,FATUHA JN.,FUT,DNR,BIHAR,D
26.3327808,84.6672273,GIDHAUR,GHR,DNR,BIHAR,D
25.2415233,86.9725178,GORAUL,GRL,SEE,BIHAR,D
25.5978757,85.204567,GULZARBAGH,GZH,DNR,BIHAR,D
24.8110079,84.7913007,GURARU,GRRU,MGS,BIHAR,D
25.8660377,86.2556519,HARI NAGAR,HIR,SPJ,BIHAR,D
25.3717551,85.5405538,HARNAUT,HRT,DNR,BIHAR,D
25.714848,86.185886,HASANPUR ROAD,HPO,SPJ,BIHAR,D
26.0208051,85.8787514,HAYAGHAT,HYT,SPJ,BIHAR,D
25.1373713,85.2170187,ISLAMPUR,IPR,DNR,BIHAR,D
26.4689482,85.7009127,JANAKPUR ROAD,JNR,SPJ,BIHAR,D
25.2243717,84.9900697,JEHANABAD,JHD,DNR,BIHAR,D
25.0960742,85.3131194,JEHANABAD COURT,JHDC,DNR,BIHAR,D
25.7024116,85.2155648,JHANJHARPUR JN.,JJP,SPJ,BIHAR,D
25.497727,87.375833,KARHAGOLA ROAD,CRR,SEE,BIHAR,D
26.4840923,86.1615335,KHAJAULI,KJI,SPJ,BIHAR,D
25.9063621,85.6720906,KHUDIRAMBOSE PUSA,KRBP,SEE,BIHAR,D
25.4853713,85.3875656,KHUSRO PUR,KOO,DNR,BIHAR,D
25.0960742,85.3131194,KUDRA,KTQ,MGS,BIHAR,D
25.0960742,85.3131194,KURSELA,KUE,SEE,BIHAR,D
19.176642,72.8577319,LAHERIASARAI,LSI,SPJ,BIHAR,D
25.4165256,86.2056816,LAKHO,LAK,SEE,BIHAR,D
26.356435,87.0122954,LALITGRAM,LLP,SPJ,BIHAR,D
25.4609338,86.6418215,MAHESHKHUT,MSK,SEE,BIHAR,D
25.654133,85.5036052,MAHNAR ROAD,MNO,SEE,BIHAR,D
25.8843963,87.4393397,MANANPUR,MNP,DNR,BIHAR,D
26.354858,85.0963104,MEHASI,MAI,SPJ,BIHAR,D
22.5437293,88.3571389,MOHIUDDINNANGAR,MOG,SEE,BIHAR,D
26.2571899,85.1689072,MOTIPUR,MTR,SPJ,BIHAR,D
24.8869391,85.5487449,NAWADAH,NWD,DNR,BIHAR,D
26.3058227,86.5753118,NIRMALI JN.,NMA,SPJ,BIHAR,D
24.6242275,85.2065051,PAHARPUR,PRP,DHN,BIHAR,D
24.8174737,84.6341923,RAFIGANJ,RFJ,MGS,BIHAR,D
25.613851,85.1918149,RAGHOPUR,RGV,SPJ,BIHAR,D
25.3337282,84.5167494,RAGHUNATHPUR,RPR,DNR,BIHAR,D
26.4007106,86.1532368,RAJNAGAR,RJA,SPJ,BIHAR,D
25.0960742,85.3131194,RAMGARHAWA,RGH,SPJ,BIHAR,D
25.746344,86.0339451,RUSERAGHAT,ROA,SPJ,BIHAR,D
25.6391774,85.5814024,SAHPUR PATORI,SPP,SEE,BIHAR,D
25.6033837,86.2600527,SALAUNA,SLNA,SPJ,BIHAR,D
26.345466,86.071039,SEMAPUR,SMO,SEE,BIHAR,D
25.131921,85.852517,SHEIKHPURA,SHK,DNR,BIHAR,D
25.6033028,85.137137,SIMRIBAKHTIYARPUR,SBV,SPJ,BIHAR,D
24.8827373,84.2301456,SONNAGAR JN.,SEB,MGS,BIHAR,D
26.117508,86.6030198,SUPAUL,SOU,SPJ,BIHAR,D
24.6242275,85.2065051,TAREGANA,TEA,DNR,BIHAR,D
25.3933828,86.935528,THANABIHPUR,THB,SEE,BIHAR,D
25.0165394,85.6428285,WARSALIGANJ,WRS,DNR,BIHAR,D
25.2156333,86.3223454,ABHAIPUR,AHA,MLDT,BIHAR,D
26.3472918,86.0740413,BARIARPUR,BUP,MLDT,BIHAR,D
24.8032413,84.9997072,GHOGHA,GGA,MLDT,BIHAR,D
25.3148743,86.4928768,KAJRA,KJH,MLDT,BIHAR,D
25.2373828,87.267299,PIRPINTI,PPT,MLDT,BIHAR,D
25.2156333,86.3223454,SHIVNARAYAN PUR,SVRP,MLDT,BIHAR,D
25.2030829,85.5394075,SIMULTALA,STL,ASN,BIHAR,D
25.785905,84.7458351,CHAPRA KACHERI,CI ,VARANASI,BIHAR,D
25.2030829,85.5394075,EKMA,EM,VARANASI,BIHAR,D
25.0960742,85.3131194,HATHUA,HTW,VARANASI,BIHAR,D
26.4389333,84.3940476,THAWE JN.,THE,VARANASI,BIHAR,D
26.1146569,87.4474695,ARARIYA,ARR,KIR,BIHAR,D
25.5560894,87.8524572,AZAMNAGAR,AZR,KIR,BIHAR,D
25.4398636,87.7443748,LABHA,LAV,KIR,BIHAR,D
25.6156489,87.8373237,SALMARI,SRI,KIR,BIHAR,D
24.6287046,84.2867355,SONAILI,SI,KIR,BIHAR,D
25.1129853,84.9849909,TELTA,TETA,KIR,BIHAR,D
26.4313468,88.127461,THAKURGANJ,TKG,KIR,BIHAR,D
21.0459871,82.3840126,BAGBAHRA,BGBR,SBP,CHHATTISGARH,D
21.113259,82.103985,MAHASAMUND,MSMD,SBP,CHHATTISGARH,D
23.316757,82.529159,BAIKUNTHPUR RD,BRH,BSP,CHHATTISGARH,D
21.2786567,81.8661442,BALOD,BXA,R,CHHATTISGARH,D
22.0118351,82.8137337,BARADUAR,BUA,BSP,CHHATTISGARH,D
21.9616217,82.0769724,BELHA,BYL,R,CHHATTISGARH,D
21.2080656,81.3754392,BHILAI,BIA,R,CHHATTISGARH,D
23.1789217,82.9827082,BISHRAMPUR,BSPR,BSP,CHHATTISGARH,D
21.252539,81.629561,CHIRIMIRI,CHRM,BSP,CHHATTISGARH,D
20.5879119,81.06848,DALLIRAJHARA,DRZ,R,CHHATTISGARH,D
20.7151256,81.5507654,DHAMTARI,DTR,R,CHHATTISGARH,D
22.3493045,82.6461284,GEVRA ROAD,GAD,BSP,CHHATTISGARH,D
21.2786567,81.8661442,GUNDERDEHI,GDZ,R,CHHATTISGARH,D
21.6319356,81.8460861,HATHBANDH,HN,R,CHHATTISGARH,D
22.0341655,82.2971705,JAIRAMNAGAR,JRMG,BSP,CHHATTISGARH,D
22.297614,82.026252,KARGI ROAD,KGB,BSP,CHHATTISGARH,D
21.3693036,83.0734661,KHARSIA,KHS,BSP,CHHATTISGARH,D
21.27,81.52,KUMHARI,KMI,R,CHHATTISGARH,D
23.2197309,82.1974214,MANENDRAGARH,MDGR,BSP,CHHATTISGARH,D
22.0231837,82.5652323,NAILA,NIA,BSP,CHHATTISGARH,D
20.969855,81.868552,RAJIM JN.,RIM,R,CHHATTISGARH,D
22.01179,82.955679,SAKTI,SKT,BSP,CHHATTISGARH,D
21.1998984,81.2915203,USALPUR,USL,BSP,CHHATTISGARH,D
28.7451875,77.1372725,BADLI,BHD,DLI,DELHI,D
28.5369022,77.0512086,BIJWASAN,BWSN,DLI,DELHI,D
28.6671595,77.1713431,DAYA BASTI,DBSI,DLI,DELHI,D
28.7031438,77.1772288,DELHI AZADPUR,DAZ,DLI,DELHI,D
28.6643543,77.2007895,DELHI KISHANGANJ,DKZ,DLI,DELHI,D
28.6588164,77.2169874,DELHI SADAR BAZAR,DSB,DLI,DELHI,D
28.7040592,77.1024902,MANGOLPURI,MGLP,DLI,DELHI,D
28.846462,77.08557,NARELA,NUR,DLI,DELHI,D
28.5595207,77.2656048,OKHLA,OKA,DLI,DELHI,D
28.5852333,77.0928294,PALAM,PM,DLI,DELHI,D
28.6602276,77.156752,PATEL NAGAR,PTNR,DLI,DELHI,D
28.6338505,77.2261301,SHIVAJI BRIDGE,CSB,DLI,DELHI,D
28.6282763,77.2374857,TILAK BRIDGE,TKJ,DLI,DELHI,D
28.5032308,77.2980533,TUGHOAKABAD,TKD,DLI,DELHI,D
28.6733034,77.3182803,VIVEK VIHAR,VVB,DLI,DELHI,D
15.2642982,74.1083965,SANVERDEM CURCHOREM,SVM,UBL,GOA,D
21.7033938,72.9996791,ADIPUR,AI,AHMEDABAD,GUJARAT,D
20.811782,72.9559595,AMALSAD,AML,MUMBAI CENTRAL,GUJARAT,D
23.1192878,70.0362648,ANJAR,AJE,AHMEDABAD,GUJARAT,D
22.2830606,70.7993102,BHAKTINAGAR,BKNG,RAJKOT,GUJARAT,D
21.9287746,69.7896215,BHANVAD,BNVD,BHAVNAGAR,GUJARAT,D
21.7706366,72.1184723,BHAVNAGAR PARA,BVP,BHAVNAGAR,GUJARAT,D
20.2759569,72.8870414,BHILAD,BLD,MUMBAI CENTRAL,GUJARAT,D
21.157409,72.9561979,CHALTHAN,CHM,MUMBAI CENTRAL,GUJARAT,D
23.024416,72.664566,DEROL,DRL,VADODARA,GUJARAT,D
22.32896,73.261932,DHANDHUKA,DCK,BHAVNAGAR,GUJARAT,D
21.8231076,71.7387078,DHOLA JN.,DLJ,BHAVNAGAR,GUJARAT,D
23.044991,72.640016,DHRANGANDHRA,DHG,AHMEDABAD,GUJARAT,D
23.0266357,72.5688678,GANDHIGRAM,GG,BHAVNAGAR,GUJARAT,D
23.2349145,72.6302311,GANDHINAGAR,GNC,AHMEDABAD,GUJARAT,D
21.7291101,70.5741441,JETALSAR JN.,JLR,BHAVNAGAR,GUJARAT,D
23.2438,72.503361,KALOL,KLL,AHMEDABAD,GUJARAT,D
23.0267471,72.6008498,KESHOD,KSD,BHAVNAGAR,GUJARAT,D
21.2043189,72.8400388,KHAMBALIYA,KMBL,RAJKOT,GUJARAT,D
22.258381,73.180283,KHAMBAT,CBY,VADODARA,GUJARAT,D
21.4036536,72.9249916,KIM,KIM,VADODARA,GUJARAT,D
21.4646699,72.9548621,KOSAMBA,KSB,VADODARA,GUJARAT,D
21.201852,72.833457,LIMBADI,LM,BHAVNAGAR,GUJARAT,D
22.8189745,72.7523726,MAHEMDAVAD & KHEDA RD.,MHD,VADODARA,GUJARAT,D
21.0943331,71.7568713,MAHUVA,MHV,BHAVNAGAR,GUJARAT,D
21.1599752,70.299369,MALIA HATINA,MLHA,BHAVNAGAR,GUJARAT,D
23.0000123,72.6102637,MANINANAGAR,MAN,AHMEDABAD,GUJARAT,D
21.1986202,72.8306091,MAROLI,MRL,MUMBAI CENTRAL,GUJARAT,D
21.183995,72.806909,MITHAPUR,MTHP,RAJKOT,GUJARAT,D
22.0515372,73.1207043,MIYAMGAM KARJAN,MYG ,VADODARA,GUJARAT,D
21.7090412,73.4725338,MORAVI,MVI,RAJKOT,GUJARAT,D
22.258652,71.1923805,PALEJ,PLJ,VADODARA,GUJARAT,D
23.8501546,72.1223041,PATAN,PTN,AHMEDABAD,GUJARAT,D
23.0715934,72.586961,SABARMATI (BG),SBT,AHMEDABAD,GUJARAT,D
23.0715934,72.586961,SABARMATI (MG),SBI,AHMEDABAD,GUJARAT,D
21.078031,72.874387,SACHIN,SCH,MUMBAI CENTRAL,GUJARAT,D
23.3096948,70.5029776,SAMAKHIALI JN.,SIOB,AHMEDABAD,GUJARAT,D
20.7651959,72.9705083,SANJAN,SJN,MUMBAI CENTRAL,GUJARAT,D
22.258652,71.1923805,SAVARKUNDLA,SVKD,BHAVNAGAR,GUJARAT,D
23.7036797,72.5444128,SIDDHPUR,SID,AHMEDABAD,GUJARAT,D
21.7249191,71.9574652,SIHOR JN.,SOJN,BHAVNAGAR,GUJARAT,D
20.8960638,70.407851,SOMNATH,SMNH,BHAVNAGAR,GUJARAT,D
22.997715,72.610398,SONGADH,SGD,BHAVNAGAR,GUJARAT,D
19.1900019,72.9682018,THAN,THAN,RAJKOT,GUJARAT,D
20.155134,72.791926,UMBERGAON,UBR,MUMBAI CENTRAL,GUJARAT,D
22.4656729,70.0602208,UNJA,UJA,AHMEDABAD,GUJARAT,D
23.0684465,70.1476613,VISHVAMITRI JN.(BG),VS,VADODARA,GUJARAT,D
21.7033938,72.9996791,VYARA,VYA,MUMBAI CENTRAL,GUJARAT,D
27.885772,77.388156,HODAL,HDL  ,AGC,HARYANA,D
30.3780848,76.7644305,AMBALA CITY,UBC,UMB,HARYANA,D
28.2514855,77.3243658,ASAOTI,AST,DLI,HARYANA,D
28.412821,77.3054025,BARARA,RAA,UMB,HARYANA,D
30.727173,76.8869588,CHANDIMANDIR,CNDM,UMB,HARYANA,D
29.1315615,77.0110151,GANAUR,GNU,DLI,HARYANA,D
28.4378117,76.9302757,GARHI HARSARU,GHH,DLI,HARYANA,D
29.7061508,75.9018639,GOHANA,GHNA,DLI,HARYANA,D
30.13542,77.242326,JAGADHRI WORKSHOP,JUDW,UMB,HARYANA,D
29.803548,75.820931,JAKHAL,JHL,DLI,HARYANA,D
29.1197665,76.3961028,JULANA,JNA,DLI,HARYANA,D
29.792958,76.398113,KAITHAL,KLE,DLI,HARYANA,D
28.3766075,77.3095572,NARWANA,NRW,DLI,HARYANA,D
28.3478522,76.7521566,PATAUDI ROAD,PTRD,DLI,HARYANA,D
29.397576,76.9680342,SAMALKHA,SMK,DLI,HARYANA,D
28.782353,76.772955,SAMPLA,SPZ,DLI,HARYANA,D
30.8386236,76.9370735,SHAHBAD MARKANDA,SHDM,DLI,HARYANA,D
29.7267133,75.9026806,TOHANA,TUN,DLI,HARYANA,D
29.2394063,76.5483678,BHATTU,BHT,BIKANER,HARYANA,D
28.6004211,76.279681,CHARKHIDADRI,CKD,BIKANER,HARYANA,D
28.6838114,77.3727296,ELLENABAD,ENB,BIKANER,HARYANA,D
28.83765,76.11422,HANSI,HNS,BIKANER,HARYANA,D
28.833843,76.386626,KALANAUR KALAN,KLNK,BIKANER,HARYANA,D
29.694786,76.9696753,KALANWALI,KNL,BIKANER,HARYANA,D
28.618582,77.383187,KOSLI,KSI,BIKANER,HARYANA,D
28.4269273,75.8025717,LOHARU,LHU,BIKANER,HARYANA,D
28.2807725,76.1484833,MAHENDRA GARH,MHRG,BIKANER,HARYANA,D
29.2831284,75.4687384,MANDI ADAMPUR,ADR,BIKANER,HARYANA,D
29.9663613,74.7005555,MANDI DABWALI,MBY,BIKANER,HARYANA,D
28.0446086,76.1233127,NARNAUL,NNL,JAIPUR,HARYANA,D
31.1024677,77.1598796,SHIMLA,SML,UMB,HIMACHAL PRADESH,D
32.8755505,75.3060222,RAMNAGAR,RNJK,FZR,JAMMU & KASHMIR,D
32.5283867,75.1200581,SAMBA,SMBX,FZR,JAMMU & KASHMIR,D
23.8437071,84.1164241,BARWADIH,BRWD,DHN,JHARKHAND,D
23.7864455,85.8792548,BOKARO THERMAL,BKRO,DHN,JHARKHAND,D
23.6101808,85.2799354,GARHWA ,GHQ,DHN,JHARKHAND,D
23.8027464,85.8296432,GOMIA,GMIA,DHN,JHARKHAND,D
24.4971987,83.9503238,HAIDARNAGAR,HDN,MGS,JHARKHAND,D
24.1745349,85.8915478,HAZARIBAGH ROAD,HZD,DHN,JHARKHAND,D
23.5154707,85.4196701,JAPLA,JPL,MGS,JHARKHAND,D
23.6101808,85.2799354,KATRASGARH,KTH,DHN,JHARKHAND,D
23.6101808,85.2799354,KHALARI,KLRE,DHN,JHARKHAND,D
23.7253098,84.4680559,LATEHAR,LTHR,DHN,JHARKHAND,D
24.5365231,83.9996336,MUHAMMADGANJ,MDJ,MGS,JHARKHAND,D
23.6101808,85.2799354,NABINAGAR ROAD,NBG,MGS,JHARKHAND,D
23.6101808,85.2799354,NAGARUNTARI,NUQ,DHN,JHARKHAND,D
23.6101808,85.2799354,PARSABAD,PSB,DHN,JHARKHAND,D
23.6101808,85.2799354,PATRATU,PTRU,DHN,JHARKHAND,D
22.7741265,86.1889668,PHUSRO,PUS,DHN,JHARKHAND,D
23.349473,85.335656,RANCHI ROAD,RRME,DHN,JHARKHAND,D
23.814569,86.343201,TETULMARI,TET,DHN,JHARKHAND,D
23.681574,84.7399617,TORI,TORI,DHN,JHARKHAND,D
24.4892223,86.6920301,BAIDYANATHDHAM ,BDME,ASN,JHARKHAND,D
24.1817436,86.314466,GIRIDIH,GRD,ASN,JHARKHAND,D
23.349473,85.335656,JAMTARA,JMT,ASN,JHARKHAND,D
23.7910294,86.4299391,KUMARDHUBI,KMME,ASN,JHARKHAND,D
25.2563631,87.4958266,MIRZACHEWKI,MZC,MLDT,JHARKHAND,D
25.054038,87.834187,RAJMAHAL,RJL,MLDT,JHARKHAND,D
24.9967134,87.7434924,TINPAHAR,TPH,MLDT,JHARKHAND,D
24.0829971,86.7043752,VIDYASAGAR,VDS,ASN,JHARKHAND,D
22.7834741,86.1576889,ADITYAPUR,ADTP,CKP,JHARKHAND,D
22.1660627,85.411922,BARAJAMDA,BJMD,CKP,JHARKHAND,D
23.7235151,86.4058679,BHAGA,VAA,ADA,JHARKHAND,D
22.5593166,85.8118678,CHAIBASA,CBSA,CKP,JHARKHAND,D
22.9558089,86.0715415,CHANDIL,CNI,ADA,JHARKHAND,D
22.5861121,86.479278,GHATSILA,GTS,KGP,JHARKHAND,D
23.4466893,84.7067727,LOHARDAGA,LAD,RNC,JHARKHAND,D
22.3739557,85.1973382,MANOHARPUR,MOU,CKP,JHARKHAND,D
23.377899,85.866483,MURI,MURI,RNC,JHARKHAND,D
23.6101808,85.2799354,NOAMUNDI,NOMD,CKP,JHARKHAND,D
22.73405,85.8116565,RAJKHARSAWAN,RKSN,CKP,JHARKHAND,D
24.1745349,85.8915478,RAKHAMINES,RHE,KGP,JHARKHAND,D
23.6194846,85.5198442,RAMGARH,RMT,RNC,JHARKHAND,D
24.537256,84.002884,SINI,SNY,CKP,JHARKHAND,D
17.3407113,76.5899094,GANGAPUR RD,GUR,SUR,KARNATAKA,D
12.9645052,77.7025457,SHAHABAD,SDB,SUR,KARNATAKA,D
18.0469713,77.2283906,BHALKI                                            ,BHLK,SC        ,KARNATAKA,D
17.0801074,77.0526579,CHITTAPUR                                         ,CT  ,SC        ,KARNATAKA,D
17.1468018,77.1726159,MALKHAID ROAD                                     ,MQR ,SC        ,KARNATAKA,D
16.9361342,77.0194459,NALWAR                                            ,NW  ,GTL,KARNATAKA,D
12.9745365,77.551508,NARAYANAPET ROAD                                  ,NRPD,GTL,KARNATAKA,D
12.974749,77.614809,SEDAM                                             ,SEM ,SC        ,KARNATAKA,D
13.0055563,77.62757,ALMATTI,LMT,UBL,KARNATAKA,D
15.4243638,74.7380046,ALNAVAR,LWR,UBL,KARNATAKA,D
15.1392315,76.9235403,BADAMI,BDM,UBL,KARNATAKA,D
15.3172775,75.7138884,BAIYAPPANAHALLI,BYPL,SBC,KARNATAKA,D
13.00127,77.6182601,BANGALORE EAST,BNCE,SBC,KARNATAKA,D
15.6260681,73.8692398,BYADGI,BYD,MYS,KARNATAKA,D
11.9347297,76.9328329,CHAMARAJANAGAR,CMNR,MYS,KARNATAKA,D
12.2981145,76.6377966,CHAMARAJAPURAM,CMJ,MYS,KARNATAKA,D
12.958845,77.66265,CHAMPION,CHU,SBC,KARNATAKA,D
12.7233253,77.2833295,CHANNAPATNA,CPT,SBC,KARNATAKA,D
13.0746685,77.5056429,CHIKBANAVAR,BAW,SBC,KARNATAKA,D
14.1237968,76.1398932,CHIKJAJUR,JRU,MYS,KARNATAKA,D
14.2308365,76.3858902,CHITRADURGA,CTA,MYS,KARNATAKA,D
12.975563,78.257897,COROMANDEL,COL,SBC,KARNATAKA,D
13.6120911,77.5126462,GAURIBIDANAUR,GBD,SBC,KARNATAKA,D
13.0577246,77.5884426,GHATPRABHA,GPB,UBL,KARNATAKA,D
16.2052591,74.7391476,GOKAK ROAD,GKK,UBL,KARNATAKA,D
12.7853617,76.2466326,HOLENARSIPUR,HLN,MYS,KARNATAKA,D
17.2112707,75.9195589,INDI ROAD,IDR,UBL,KARNATAKA,D
12.7687053,75.2046781,KABAKAPUTTUR,KBPR,MYS,KARNATAKA,D
13.5503275,76.0086266,KADUR,DRU,MYS,KARNATAKA,D
12.9075038,77.705748,KARMELARUM,CRLM,SBC,KARNATAKA,D
12.4452005,76.3884169,KRISHNANARAJANAGAR,KRNR,MYS,KARNATAKA,D
15.4476216,74.9830976,KUDACHI,KUD,UBL,KARNATAKA,D
12.571931,77.011966,MADDUR,MAD,SBC,KARNATAKA,D
13.000384,77.5636131,MALLESWARAM,MWM ,SBC,KARNATAKA,D
12.9928704,77.9389864,MALUR,MLO,SBC,KARNATAKA,D
15.3085916,76.3353266,MUNIRABAD,MRB,UBL,KARNATAKA,D
12.1220653,76.6842333,NANJANGUD TOWN,NTW,MYS,KARNATAKA,D
12.9781289,77.5695678,NAYANDAHALLI,NYH,SBC,KARNATAKA,D
13.307671,75.7682486,OORGAUM,OGM,SBC,KARNATAKA,D
12.4653125,76.6811933,PANDAVAPURA,PANP,SBC,KARNATAKA,D
12.7210296,77.2836417,RAMANAGARAM,RMGM,SBC,KARNATAKA,D
14.6257676,75.6357035,RANIBENNUR,RNR,MYS,KARNATAKA,D
12.9386739,77.5793995,RAYADURG,RDG,UBL,KARNATAKA,D
13.1464465,78.2553569,RAYBAGH,RBG,UBL,KARNATAKA,D
12.4248105,76.6782188,SRIRANGAPATNA,S,SBC,KARNATAKA,D
12.731555,75.5579568,SUBRAMANYA ROAD,SBHR,MYS,KARNATAKA,D
13.7115415,75.8126163,TARIKERE,TKE,MYS,KARNATAKA,D
13.2557525,76.4753425,TIPTUR,TTR,MYS,KARNATAKA,D
16.6698707,74.821652,UGAR KHURD,UGR,UBL,KARNATAKA,D
12.9964483,77.761413,WHITEFIELD,WFD ,SBC,KARNATAKA,D
12.916732,77.651836,YALVIGI,YLG,MYS,KARNATAKA,D
10.932368,76.528737,AMBALAPUZHA                        ,AMPA ,TVC,KERALA,D
10.9812292,76.2079354,ANGADIPURAM                        ,AAM  ,PGT,KERALA,D
10.1838111,76.3776558,ANGAMALI FOR KALADI                ,AFK  ,TVC,KERALA,D
10.3023723,76.3215567,CHALAKUDI                          ,CKI  ,TVC,KERALA,D
12.2145968,75.1547488,CHARVATTUR                         ,CHV  ,PGT,KERALA,D
9.6807812,76.34144,CHERTHALA                          ,SRTL ,TVC,KERALA,D
8.5107823,76.8968269,CHIRAYINKIL(FLAG)                  ,CRY  ,TVC,KERALA,D
11.753359,75.49291,FEROK                              ,FK   ,PGT,KERALA,D
9.2781283,76.4629582,HARIPAD                            ,HAD  ,TVC,KERALA,D
10.3395788,76.2817517,IRINJALAKUDA                       ,IJK  ,TVC,KERALA,D
8.6788287,76.7677335,KADAKAVUR                          ,KVU  ,TVC,KERALA,D
10.8505159,76.2710833,KANNAPURAM                         ,KPQ  ,PGT,KERALA,D
9.0665271,76.5444735,KARUNAGAPALLI                      ,KPY  ,TVC,KERALA,D
10.8505159,76.2710833,KUMBLA                             ,KMQ  ,PGT,KERALA,D
9.2396508,76.5456819,MAVELIKARA                         ,MVLK ,TVC,KERALA,D
8.410226,77.081526,NEYYATINKARA                       ,NYY  ,TVC,KERALA,D
11.2788536,76.2538826,NILAMBUR ROAD                      ,NIL  ,PGT,KERALA,D
12.2561577,75.1357483,NILESHWAR                          ,NLE  ,PGT,KERALA,D
10.7763693,76.6520882,PALAKKAD TOWN                      ,PGTN ,PGT,KERALA,D
11.0458232,75.86093,PARAPANANGADI                      ,PGI  ,PGT,KERALA,D
8.8152201,76.6690196,PARAVUR                            ,PVU  ,TVC,KERALA,D
10.8024555,76.181007,PATTAMBI                           ,PTB  ,PGT,KERALA,D
12.0217213,75.2601915,PAYANGADI                          ,PAZ  ,PGT,KERALA,D
9.8293437,76.4552844,PIRAVAM ROAD                       ,PVRD ,TVC,KERALA,D
10.9783627,75.8816035,TANUR                              ,TA   ,PGT,KERALA,D
9.9496859,76.3525625,TRIPUNITTURA                       ,TRTR ,TVC,KERALA,D
11.1932846,76.2612587,VANIYAMBALAM                       ,VNB  ,PGT,KERALA,D
10.6514774,76.2400211,WADAKANCHERI                       ,WKI  ,TVC,KERALA,D
21.9201864,78.1254412,AMLA,AMLA,NGP,MADHYA PRADESH,D
22.125763,78.002493,GHORADONGRI ,GDYA,NGP,MADHYA PRADESH,D
22.1912098,78.5922432,JUNNARDEO,JNO,NGP,MADHYA PRADESH,D
21.4641495,76.3969131,NEPANAGAR,NPNR,BSL,MADHYA PRADESH,D
22.1930569,78.7640915,PARASIA,PUX,NGP,MADHYA PRADESH,D
26.5884973,78.7772679,BHIND,BIX,JHS,MADHYA PRADESH,D
26.2377024,78.1952766,BIRLANAGAR,BLNR,JHS,MADHYA PRADESH,D
25.1180666,81.3032341,DABHAURA,DBR,JHS,MADHYA PRADESH,D
24.465309,82.16188,HARPALPUR,HPP,JHS,MADHYA PRADESH,D
23.1728535,81.5930986,AMLAI,AAL,BSP,MADHYA PRADESH,D
21.8114624,80.199797,BALAGHAT,BTC,NGP,MADHYA PRADESH,D
23.2514188,82.1195833,BIJURI,BJRI,BSP,MADHYA PRADESH,D
23.3668175,81.0434241,BIRSINGHPUR,BRS,BSP,MADHYA PRADESH,D
23.2738119,77.3358452,BURHAR,BUH,BSP,MADHYA PRADESH,D
23.1555103,79.9310316,HOWBAGH,HBG,NGP,MADHYA PRADESH,D
23.2029431,81.979113,KOTMA,KTMA,BSP,MADHYA PRADESH,D
22.4257605,80.1091824,NAINPUR,NIR,NGP,MADHYA PRADESH,D
23.3945332,80.9805036,NOWROZABAD,NRZB,BSP,MADHYA PRADESH,D
22.0752057,79.545608,SEONI,SEY,NGP,MADHYA PRADESH,D
22.7145661,75.8730465,ASHOKNAGAR,ASKN,BPL,MADHYA PRADESH,D
23.1651957,79.950747,BANAPURA,BPF,BPL,MADHYA PRADESH,D
22.9734229,78.6568942,BANDAKPUR,BNU,JBP,MADHYA PRADESH,D
22.9734229,78.6568942,BANKHEDI,BKH,JBP,MADHYA PRADESH,D
23.9364251,76.9074934,BEAORA RAJGARH,BRRG,BPL,MADHYA PRADESH,D
22.9734229,78.6568942,BEOHARI,BEHR,JBP,MADHYA PRADESH,D
22.0528136,76.5472878,CHHANERA,CAER,BPL,MADHYA PRADESH,D
23.6843111,77.9122819,GULABGANJ,GLG,BPL,MADHYA PRADESH,D
22.9734229,78.6568942,JAITWARA,JTW,JBP,MADHYA PRADESH,D
22.932004,79.066044,KARELI,KY,JBP,MADHYA PRADESH,D
22.134126,76.889148,KHIRKIYA,KKN,BPL,MADHYA PRADESH,D
24.0518252,78.331504,KHURAI,KYE,JBP,MADHYA PRADESH,D
23.8668875,78.8093062,MAKRONIA,MKRN,JBP,MADHYA PRADESH,D
23.1593577,79.9247516,MANDIBAMORA,MABA,BPL,MADHYA PRADESH,D
23.0938951,77.511151,MANDIDEEP,MDDP,BPL,MADHYA PRADESH,D
24.402388,78.111933,MUNGAOLI,MNV,BPL,MADHYA PRADESH,D
21.6437794,78.7956901,PATHARIA,PHA,JBP,MADHYA PRADESH,D
24.6410174,77.3143624,RUTHIYAI,RTA,BPL,MADHYA PRADESH,D
24.1920622,75.6429812,SHAMGARH,SGZ,KOTA,MADHYA PRADESH,D
23.0343809,79.4848394,SHRIDHAM,SRID,JBP,MADHYA PRADESH,D
23.4669816,80.1099933,SIHORA RD.,SHR ,JBP,MADHYA PRADESH,D
22.69402,78.194269,SOHAGPUR,SGP,JBP,MADHYA PRADESH,D
24.0699974,75.6487594,SUWASRA,SVA,KOTA,MADHYA PRADESH,D
21.9277691,76.4448345,TALWADIA,TLV,BPL,MADHYA PRADESH,D
22.9734229,78.6568942,TIMARNI,TBN,BPL,MADHYA PRADESH,D
23.7648583,75.5382219,VIKRAMGARH ALOT,VMA,KOTA,MADHYA PRADESH,D
22.9312713,75.7385118,AJNOD,AJN,RATLAM,MADHYA PRADESH,D
23.3785468,76.5992987,AKODIA,AKD,RATLAM,MADHYA PRADESH,D
23.2738119,77.3358452,BAIRAGARH,BIH,RATLAM,MADHYA PRADESH,D
23.094611,74.7582049,BAMANIA,BMI,RATLAM,MADHYA PRADESH,D
23.0601834,75.3769309,BARNAGAR,BNG,RATLAM,MADHYA PRADESH,D
23.4250379,76.291149,BERCHA,BCH,RATLAM,MADHYA PRADESH,D
23.6371099,75.121396,JAORA,JAO,RATLAM,MADHYA PRADESH,D
23.3380952,76.8385052,KALAPIPAL,KPP,RATLAM,MADHYA PRADESH,D
23.2616736,77.387419,KHACHROAD,KUH,RATLAM,MADHYA PRADESH,D
22.7452116,75.85633,LAXMIBAINAGAR,LMNR,RATLAM,MADHYA PRADESH,D
23.252057,76.158627,MAKSI,MKC,RATLAM,MADHYA PRADESH,D
22.9072898,74.5398285,MEGHNAGAR,MGN,RATLAM,MADHYA PRADESH,D
22.214884,76.0463528,OMKARESHWAR RD.,OM,RATLAM,MADHYA PRADESH,D
22.6700398,75.8292143,RAJENDRANAGAR,RJQ,RATLAM,MADHYA PRADESH,D
23.2463571,77.3971028,SEHORE,SHE,RATLAM,MADHYA PRADESH,D
23.3809667,76.7233144,SHUJALPUR,SJP,RATLAM,MADHYA PRADESH,D
22.9619601,74.5886851,THANDLA RD.,THDR,RATLAM,MADHYA PRADESH,D
21.1277078,79.0831292,AJNI,AJNI,NGP,MAHARASHTRA,D
17.4506984,76.1382465,AKKALKOT,AKOR,SUR,MAHARASHTRA,D
18.1537512,74.5781735,BARAMATI,BRMT,PA,MAHARASHTRA,D
18.2409647,75.7180067,BARSI TOWN,BTW,SUR,MAHARASHTRA,D
19.0189654,73.0392056,BELAPUR,BAP,SUR,MAHARASHTRA,D
20.0846762,79.1129195,BHANDAK,BUX,NGP,MAHARASHTRA,D
17.0079694,74.5158416,BHILAVDI,BVQ,PA,MAHARASHTRA,D
19.2688624,73.0462666,BHIVANDI RD,BIRD,BB,MAHARASHTRA,D
20.8037983,77.9828919,CHANDUR,CND,NGP,MAHARASHTRA,D
20.8878444,74.7681936,DHULE,DHI,BSL,MAHARASHTRA,D
17.363125,76.377712,DUDHANI,DUD,SUR,MAHARASHTRA,D
18.528172,73.8938649,GHORPURI,GPR,PA,MAHARASHTRA,D
16.7460004,74.4271783,HATKANGALE,HTK,PA,MAHARASHTRA,D
20.5421128,78.8338217,HINGANGHAT,HGT,NGP,MAHARASHTRA,D
16.7911912,74.5516508,JAYASINGHPUR,JSP,PA,MAHARASHTRA,D
18.2873519,74.1718876,JEJURI,JJR,PA,MAHARASHTRA,D
18.2607805,75.1622905,JEUR,JEUR,SUR,MAHARASHTRA,D
21.2615609,78.589282,KATOL,KATL,NGP,MAHARASHTRA,D
18.4820563,74.3766582,KEDGAON,KDG,PA,MAHARASHTRA,D
17.083159,74.416671,KIRLOSKARWADI,KOV,PA,MAHARASHTRA,D
20.1550041,74.2261914,LASALGAON,LS,BSL,MAHARASHTRA,D
18.040605,74.190423,LONAND,LNN,PA,MAHARASHTRA,D
18.714341,75.6096357,LONI,LONI,PA,MAHARASHTRA,D
20.1390736,79.0429186,MAJRI,MJRI,NGP,MAHARASHTRA,D
21.152187,79.0887588,MULTAI,MTY,NGP,MAHARASHTRA,D
20.3091832,74.6600791,NANDGAON,NGN,BSL,MAHARASHTRA,D
18.9398208,72.8354676,NANDURA,NN,BSL,MAHARASHTRA,D
21.469775,78.5253506,NARKHER,NRKR,NGP,MAHARASHTRA,D
20.0968468,74.0797906,NIPHAD,NR,BSL,MAHARASHTRA,D
18.2479718,76.0228412,OSMANABAD,UMD,SUR,MAHARASHTRA,D
19.3445223,72.8058526,PANDHURNA,PAR,NGP,MAHARASHTRA,D
20.7262349,78.3175782,PULGAON,PLO,NGP,MAHARASHTRA,D
21.222205,76.044397,RAVER,RV,BSL,MAHARASHTRA,D
18.4471046,73.1238237,ROHA,ROHA,BB,MAHARASHTRA,D
19.065353,73.002315,URULI,URI,PA,MAHARASHTRA,D
19.0151379,72.8232551,VALIVADE,VVE,PA,MAHARASHTRA,D
20.7350191,76.1883268,WARORA,WRR,NGP,MAHARASHTRA,D
21.0493304,75.0574699,AMALNER,AN,MUMBAI CENTRAL,MAHARASHTRA,D
21.0063238,75.2860031,DHARANGAON,DXG,MUMBAI CENTRAL,MAHARASHTRA,D
21.3315365,74.5619814,DONDAICHA,DDE,MUMBAI CENTRAL,MAHARASHTRA,D
19.015129,72.858064,GHOLVAD,GVD,MUMBAI CENTRAL,MAHARASHTRA,D
18.9567449,72.8161065,NARDANA,NDN,MUMBAI CENTRAL,MAHARASHTRA,D
19.7514798,75.7138884,NAVAPUR,NWU,MUMBAI CENTRAL,MAHARASHTRA,D
21.095009,77.053684,AKOT                                              ,AKOT,NED   ,MAHARASHTRA,D
19.2140863,77.6670345,BHOKAR                                            ,BOKR,NED,MAHARASHTRA,D
18.888424,77.849188,DHARMABAD                                         ,DAB ,HYB       ,MAHARASHTRA,D
19.067372,72.867269,GANGAKHED                                         ,GNH ,NED,MAHARASHTRA,D
19.0825339,72.8375392,HIMAYATNAGAR (DECCAN)                                 ,HEM ,NED   ,MAHARASHTRA,D
19.7267795,77.1475277,HINGOLI                                           ,HNL ,NED   ,MAHARASHTRA,D
19.6188674,78.2031097,KINWAT                                            ,KNVT,NED,MAHARASHTRA,D
18.5061408,76.8449783,LATUR ROAD                                        ,LTRR,SC        ,MAHARASHTRA,D
19.3583817,76.5350044,MANVAT ROAD                                       ,MVO ,NED,MAHARASHTRA,D
19.7514798,75.7138884,MUKUNDWADI,MKDD,NED,MAHARASHTRA,D
19.7514798,75.7138884,PARTUR                                        ,PTU ,NED,MAHARASHTRA,D
19.015191,72.8251186,ROTEGAON                                          ,RGO ,NED,MAHARASHTRA,D
19.4511991,76.4405941,SELU                                          ,SELU,NED,MAHARASHTRA,D
18.3912101,77.1093819,UDGIR                                             ,UDGR,SC        ,MAHARASHTRA,D
19.04207,77.643305,UMRI                                              ,UMRI,HYB       ,MAHARASHTRA,D
20.103064,77.148166,WASHIM                                            ,WHM ,NED,MAHARASHTRA,D
21.3614128,80.3741044,AMGAON,AGN,NGP,MAHARASHTRA,D
21.2382943,79.6461755,BHADARA ROAD,BRD,NGP,MAHARASHTRA,D
21.1678545,79.1410393,KALUMNA,KAV,NGP,MAHARASHTRA,D
21.2111117,79.1973505,KAMPTEE,KP,NGP,MAHARASHTRA,D
21.152187,79.0887588,NAGBHIR,NAB,NGP,MAHARASHTRA,D
21.4138465,79.9170197,TIRORA,TRO,NGP,MAHARASHTRA,D
21.3421934,79.7511363,TUMSAR ROAD,TMR,NGP,MAHARASHTRA,D
20.8055741,75.7766862,WADSA,WSA,NGP,MAHARASHTRA,D
21.934049,86.7274475,AMBODALA,AMB,SBP,ODISHA,D
20.9826123,86.0327259,BARPALI,BRPL,SBP,ODISHA,D
20.9516658,85.0985236,BHAWANIPATNA,BWIP,SBP,ODISHA,D
20.266601,85.8436154,HIRAKUD,HKG,SBP,ODISHA,D
20.901374,82.510988,KHARIAR ROAD,KRAR,SBP,ODISHA,D
19.6276272,83.4882349,MUNIGUDA,MNGD,SBP,ODISHA,D
21.0463306,84.3330872,RAIRAKHOL,RAIR,SBP,ODISHA,D
21.4768023,84.0072906,SAMBALPUR CITY,SBPY,SBP,ODISHA,D
21.477914,83.9758317,SAMBALPUR ROAD,SBPD,SBP,ODISHA,D
19.257766,83.402839,SINGAPURAM ROAD,SPRD,WAT,ODISHA,D
20.886837,85.208306,TALCHER ROAD,TLHD,KUR,ODISHA,D
19.1767265,83.0980355,TIKIRI,TKRI,WAT,ODISHA,D
21.8229448,83.924303,BRAJRAJNAGAR,BRJN,BSP,ODISHA,D
22.0516779,84.2915994,BAMRA,BMB,CKP,ODISHA,D
22.1050247,85.3689597,BARBIL,BBN,CKP,ODISHA,D
21.923201,86.737824,BARIPADA,BPO,KGP,ODISHA,D
21.7017618,87.0629494,BASTA,BTS,KGP,ODISHA,D
22.2357494,84.9252468,BONDAMUNDA,BNDM,CKP,ODISHA,D
20.4176782,85.3534467,JALESWAR,JER,KGP,ODISHA,D
22.222035,84.733632,KALUNGA,KLG,CKP,ODISHA,D
22.195248,84.588881,RAJGANGPUR,GP,CKP,ODISHA,D
21.288694,86.689316,SORO,SFO,KGP,ODISHA,D
11.696811,75.535314,MAHE                               ,MHE  ,PGT,PUDUCHERRY,D
31.2299042,76.5003155,ANANDPUR SAHIB,ANSB,UMB,PUNJAB,D
30.3708368,75.5496866,BARNALA,BNN,UMB,PUNJAB,D
31.821401,75.194584,BATALA ,BAT,FZR,PUNJAB,D
29.9219544,75.5497956,BUDHLADA,BLZ,DLI,PUNJAB,D
30.7099988,76.8391514,DASUYA,DZA,FZR,PUNJAB,D
30.82685,76.1011469,DHANDARI KALAN,DDL,FZR,PUNJAB,D
19.118803,72.925915,DHARIWAL,DHW,FZR,PUNJAB,D
30.372987,75.8662474,DHURI JN.,DUI,UMB,PUNJAB,D
32.1345541,75.467335,DINNA NAGAR,DNN,FZR,PUNJAB,D
30.4086771,74.0269605,FAZILKA,FKA,FZR,PUNJAB,D
30.4452358,74.8786727,GANGSAR JAITO,GJUT,FZR,PUNJAB,D
19.0562234,72.8386054,GIDDARBAHA,GDB,UMB,PUNJAB,D
30.318688,74.909578,GONIANA,GNA,FZR,PUNJAB,D
32.0435848,75.4201083,GURDASPUR,GSP,FZR,PUNJAB,D
31.524294,75.905822,HOSHIARPUR,HSX,FZR,PUNJAB,D
30.7068094,76.7963996,KAPURTHALA,KXH,FZR,PUNJAB,D
12.9969212,77.7612814,KARTARPUR,KRE,FZR,PUNJAB,D
30.7082509,76.2244955,KHANNA,KNN,UMB,PUNJAB,D
31.1863432,76.5630016,KIRATPUR SAHIB,KART,UMB,PUNJAB,D
30.5784252,74.818179,KOTKAPURA,KKP,FZR,PUNJAB,D
30.8350139,76.5720317,KURALI,KRLI,UMB,PUNJAB,D
31.1649334,75.1956429,LOHIAN KHAS,LNK,FZR,PUNJAB,D
31.1471305,75.3412179,MAKHU,MXH,FZR,PUNJAB,D
30.5156584,75.8732584,MALER KOTLA,MET,UMB,PUNJAB,D
30.185354,74.496221,MALOUT,MOT,UMB,PUNJAB,D
23.1885589,79.9295219,MANDI GOVINDGARH,GVG,UMB,PUNJAB,D
29.9878461,75.405018,MANSA,MSZ,DLI,PUNJAB,D
31.1471305,75.3412179,MOGA,MQF,FZR,PUNJAB,D
31.9418664,75.6121526,MUKERIAN,MEX,FZR,PUNJAB,D
30.4086771,74.0269605,MUKTSAR,MKS,FZR,PUNJAB,D
30.3634261,76.1463092,NABHA,NBA,UMB,PUNJAB,D
30.902617,75.8924569,NAKODAR,NRO,FZR,PUNJAB,D
31.3705186,76.3733848,NANGAL DAM,NLDM,UMB,PUNJAB,D
30.2642944,75.2353265,RAMPURA PHUL,PUL,UMB,PUNJAB,D
30.9791349,76.5307591,RUP NAGAR,RPAR,UMB,PUNJAB,D
30.2423153,75.830287,SANGRUR,SAG,UMB,PUNJAB,D
32.3126765,75.6133435,SUJANPUR,SJNP,FZR,PUNJAB,D
30.1300739,75.8083742,SUNAM,SFM,UMB,PUNJAB,D
29.9586057,74.9621834,RAMAN,RMN,BIKANER,PUNJAB,D
25.2236345,75.8762804,KHERLI,KL ,AGC,RAJASTHAN,D
27.1559205,76.8507519,MANDAWAR MAHWA ROAD,MURD,AGC,RAJASTHAN,D
26.4840266,74.6308471,NADBAI,NBI,AGC,RAJASTHAN,D
29.1968937,73.2045837,ANUPGARH,APH,BIKANER,RAJASTHAN,D
26.9005547,75.4241832,ASALPUR JOBNER,JOB,JAIPUR,RAJASTHAN,D
26.3840271,75.9352899,BANASTHALI NIWAI,BNLW,JAIPUR,RAJASTHAN,D
26.2232018,73.0104976,BASNI,BANE,JODHPUR,RAJASTHAN,D
26.9274728,75.8110667,BAYTU,BUT,JODHPUR,RAJASTHAN,D
26.2530068,73.0143306,BHAGAT KI KOTHI,BGKT,JODHPUR,RAJASTHAN,D
25.929018,74.652449,BIJAINAGAR,BJNR,AJMER,RAJASTHAN,D
26.0509923,76.148755,CHAUTH KA BARWARA,CKB,JAIPUR,RAJASTHAN,D
27.0238036,74.2179326,CHIRAWA,CRWA,JAIPUR,RAJASTHAN,D
28.2888157,74.9663668,CHURU,CUR,BIKANER,RAJASTHAN,D
26.9445665,75.765924,DAHAR KA BALAJI,DKBJ,JAIPUR,RAJASTHAN,D
26.8970826,74.3165877,DEGANA,DNA,JODHPUR,RAJASTHAN,D
23.549478,74.444245,DESHNOK,DSO,JODHPUR,RAJASTHAN,D
26.8550777,75.7866329,DURGAPURA,DPA,JAIPUR,RAJASTHAN,D
26.6523037,73.7373155,GOTAN,GOTN,JODHPUR,RAJASTHAN,D
25.354362,72.6341042,JALORE,JOR,JODHPUR,RAJASTHAN,D
28.1259964,75.3990007,JHUNJHUNU,JJN,JAIPUR,RAJASTHAN,D
24.8847901,74.3135628,KAPASAN,KIN,AJMER,RAJASTHAN,D
27.7974209,76.6417908,KHAIRTHAL ,KRH,JAIPUR,RAJASTHAN,D
27.0534527,74.8512778,KUCHAMAN CITY,KMNC,JODHPUR,RAJASTHAN,D
26.0029122,73.0026147,LUNI,LN,JODHPUR,RAJASTHAN,D
29.5210408,74.0134368,LUNKARANSAR,LKS,BIKANER,RAJASTHAN,D
26.4643084,74.6877504,MADAR,MD,AJMER,RAJASTHAN,D
25.0008363,72.2757644,MARWAR BHINMAL,MBNL,JODHPUR,RAJASTHAN,D
26.5327682,72.9792273,MARWAR MATHANIA,MMY,JODHPUR,RAJASTHAN,D
28.6088051,77.3672613,MERTA CITY,MEC,JODHPUR,RAJASTHAN,D
26.4570946,74.6371962,NASIRABAD,NSD,AJMER,RAJASTHAN,D
27.0292117,75.001132,NAWA CITY,NAC,JODHPUR,RAJASTHAN,D
26.9376908,75.7855208,NEEM KA THANA,NMK,JAIPUR,RAJASTHAN,D
29.1923372,74.7742739,NOHAR,NHR,BIKANER,RAJASTHAN,D
26.196121,76.0352001,PHALODI,PLCI,JODHPUR,RAJASTHAN,D
24.626547,73.671392,PILIBANGA,PGK,BIKANER,RAJASTHAN,D
26.9309889,71.9232763,POKRAN,POK,JODHPUR,RAJASTHAN,D
26.4570946,74.6371962,RAJGARH ,RHG,JAIPUR,RAJASTHAN,D
24.5805,73.6978,RAMDEVRA,RDRA,JODHPUR,RAJASTHAN,D
24.5826755,73.728616,RANAPRATAP NGR.,RPZ,AJMER,RAJASTHAN,D
28.068449,74.624448,RATANGARH,RTGH,BIKANER,RAJASTHAN,D
27.3731869,75.5632112,RINGUS ,RGS,JAIPUR,RAJASTHAN,D
28.6309906,75.3862132,SADULPUR,SDLP,BIKANER,RAJASTHAN,D
26.9060887,75.8150893,SAMDARI,SMR,JODHPUR,RAJASTHAN,D
25.2226211,75.8813303,SANGANER ,SNGN,JAIPUR,RAJASTHAN,D
27.15915,77.9931418,SANGARIYA,SGRA,BIKANER,RAJASTHAN,D
27.4577857,75.598348,SHRIMADHOPUR,SMPR,JAIPUR,RAJASTHAN,D
24.7906869,73.039467,SIROHI ROAD,SOH,AJMER,RAJASTHAN,D
25.8608116,73.754405,SOJAT ROAD,SOD,AJMER,RAJASTHAN,D
25.5199365,73.4507539,SOMESAR,SOS,AJMER,RAJASTHAN,D
27.7094033,74.4641953,SUJANGARH,SUJH,JODHPUR,RAJASTHAN,D
29.1017871,75.1612846,TEHSIL BHADRA,TSD,BIKANER,RAJASTHAN,D
24.5816903,73.7317653,UTTARLAI,UTL,JODHPUR,RAJASTHAN,D
25.095161,76.506712,BARAN,BAZ,KOTA,RAJASTHAN,D
26.915965,77.296395,BAYANA,BXN,KOTA,RAJASTHAN,D
27.0238036,74.2179326,CHAU MAHALA,CMU,KOTA,RAJASTHAN,D
24.679983,76.8510745,CHHABRA GUGOR,CAG,KOTA,RAJASTHAN,D
25.1445474,75.8659672,DAKANIYA TALAV,DKNT,KOTA,RAJASTHAN,D
25.7282911,76.2328364,INDRAGARH SUMERGANJ MANDI,IDG,KOTA,RAJASTHAN,D
24.5752566,73.699506,LAKHERI,LKE,KOTA,RAJASTHAN,D
26.684635,76.968214,SHRI MAHABIRJI,SMBJ,KOTA,RAJASTHAN,D
24.6226071,74.694382,NIMBAHERA,NBH,RATLAM,RAJASTHAN,D
11.5951077,78.5924318,ATTUR                              ,ATU  ,SA,TAMIL NADU,D
11.9841618,78.2460021,BOMMIDI                            ,BQI  ,SA,TAMIL NADU,D
10.7831618,78.9817591,BUDALUR                            ,BAL  ,TPJ,TAMIL NADU,D
11.3911839,79.7033351,CHIDAMBARAM                        ,CDM  ,TPJ,TAMIL NADU,D
11.1271225,78.6568942,CHINNA SALEM                       ,CHSM ,SA,TAMIL NADU,D
11.1271225,78.6568942,DEVAKOTTAI ROAD(FLAG)              ,DKO  ,MDU,TAMIL NADU,D
8.2136218,77.3077738,ERANIEL                            ,ERL  ,TVC,TAMIL NADU,D
12.9375306,78.9162711,GUDIYATHAM                         ,GYM  ,MAS,TAMIL NADU,D
12.8450702,80.057447,GUDUVANCHERI                       ,GI   ,MAS,TAMIL NADU,D
9.1115674,77.3570967,KADAYANALLUR                       ,KDNL ,MDU,TAMIL NADU,D
12.8484762,79.7045797,KANCHIPURAM                        ,CJ   ,MAS,TAMIL NADU,D
10.1802507,77.9098893,KODAIKKANAL ROAD                   ,KQN  ,MDU,TAMIL NADU,D
10.9380132,78.4218022,KULITALAI                          ,KLT  ,SA,TAMIL NADU,D
10.8755424,78.8139298,LALGUDI                            ,LLI  ,TPJ,TAMIL NADU,D
9.6974771,78.4536749,MANAMADURAI JN                     ,MNM  ,MDU,TAMIL NADU,D
10.6752426,79.4553717,MANNARGUDI,MQ,TPJ,TAMIL NADU,D
12.124397,78.3940878,MORAPPUR                           ,MAP  ,SA,TAMIL NADU,D
10.8190443,79.8460838,NAGORE                             ,NCR  ,TPJ,TAMIL NADU,D
8.4901242,77.6631401,NANGUNERI                          ,NNN  ,TVC,TAMIL NADU,D
11.3496447,77.7395564,NAZARETH                           ,NZT  ,MDU,TAMIL NADU,D
10.7740928,79.4142973,NIDAMANGALAM                       ,NMJ  ,TPJ,TAMIL NADU,D
12.905197,80.095154,PERUNGALATHUR(FLAG)                ,PRGL ,MAS,TAMIL NADU,D
10.964917,76.9896876,PODANUR JN.                        ,PTJ  ,SA,TAMIL NADU,D
10.3722724,78.801893,PUDUKKOTAI                         ,PDKT ,MDU,TAMIL NADU,D
11.0514101,77.9915748,PUGALUR                            ,PGR  ,SA,TAMIL NADU,D
11.6598844,78.1619656,SALEM TOWN                         ,SXT  ,SA,TAMIL NADU,D
9.1763462,77.5266817,SANKARANKOVIL                      ,SNKL ,MDU,TAMIL NADU,D
11.4460102,77.8704927,SANKARIDURG                        ,SGE  ,SA,TAMIL NADU,D
13.0233484,80.148552,SHOLINGHUR                         ,SHU  ,MAS,TAMIL NADU,D
12.7617523,80.0006364,SINGAPERUMALKOIL                   ,SKL  ,MAS,TAMIL NADU,D
11.2428095,79.7282231,SIRKAZHI                           ,SY   ,TPJ,TAMIL NADU,D
13.0531938,80.2719618,SIVAGANGA                          ,SVGA ,MDU,TAMIL NADU,D
9.4629892,77.7888773,SIVAKASI                           ,SVKS ,MDU,TAMIL NADU,D
10.857604,78.696174,SRIRANGAM                          ,SRGM ,TPJ,TAMIL NADU,D
9.4977255,77.645111,SRIVILLIPUTTUR                     ,SVPR ,MDU,TAMIL NADU,D
10.364164,77.9776399,TENI,TENI,MDU,TAMIL NADU,D
12.968029,80.246288,THIRUPPARANKUNDRAM                 ,TDN  ,MDU,TAMIL NADU,D
12.2294542,79.6512947,TINDIVANAM                         ,TMV  ,MAS,TAMIL NADU,D
10.824315,78.689186,TIRUCHCHIRAPPALLI FORT             ,TP   ,TPJ,TAMIL NADU,D
8.5029595,78.1173352,TIRUCHENDUR                        ,TCN  ,MDU,TAMIL NADU,D
9.8623858,78.0284898,TIRUMANGALAM                       ,TMQ  ,MDU,TAMIL NADU,D
12.4981122,78.5615159,TIRUPATTUR                         ,TPT  ,SA,TAMIL NADU,D
11.7477884,79.7538461,TIRUPPADIRIPPULIYUR                ,TDPR ,TPJ,TAMIL NADU,D
9.4773975,77.8110405,TIRUTTANGAL(FLAG)                  ,TTL  ,MDU,TAMIL NADU,D
10.7650776,79.6335276,TIRUVARUR JN.                      ,TVR  ,TPJ,TAMIL NADU,D
10.7891617,78.7730985,TIRUVERUMBUR                       ,TRB  ,TPJ,TAMIL NADU,D
8.376876,77.6143769,VALLIYUR                           ,VLY  ,TVC,TAMIL NADU,D
8.8826659,77.8908536,VANCHI MANIYACHI  JN                 ,MEJ  ,MDU,TAMIL NADU,D
11.5170677,78.7723669,VANDALUR                           ,VDR  ,MAS,TAMIL NADU,D
12.6754182,78.625233,VANIYAMBADI                        ,VN   ,MAS,TAMIL NADU,D
10.6868701,79.8462698,VELLANKANNI                        ,VLKN ,TPJ,TAMIL NADU,D
11.1271225,78.6568942,WALAJAROAD                         ,WJR  ,MAS,TAMIL NADU,D
12.1258582,78.1541017,DHARMAPURI,DPJ ,SBC,TAMIL NADU,D
23.9310118,91.8614151,AMBASA,ABSA,LMG,TRIPURA,D
24.369992,92.16994,DHARMANAGAR,DMR,LMG,TRIPURA,D
23.432192,91.4967477,KUMARGHAT,KUGT,LMG,TRIPURA,D
25.442956,81.833992,DUDHI NAGAR,DXN,DHN,UTTAR PRADESH,D
24.1228035,82.7041366,SHAKTINAGAR,SKTN,DHN,UTTAR PRADESH,D
26.8467088,80.9461592,WYNDHAMGANJ,WDM,DHN,UTTAR PRADESH,D
25.374094,83.543766,ZAMANIA,ZNA,DNR,UTTAR PRADESH,D
26.7021155,79.4042411,ACHALDA,ULD,ALD,UTTAR PRADESH,D
27.181588,77.7579723,ACHHNERA JN,AH,AGC,UTTAR PRADESH,D
25.9022901,79.2288712,AIT ,AIT,JHS,UTTAR PRADESH,D
25.276342,79.5542657,BELATAL,BTX,JHS,UTTAR PRADESH,D
26.750689,79.2172182,BHARTHANA,BNT,ALD,UTTAR PRADESH,D
25.8271615,80.1685868,BHARWA SUMERPUR,BSZ,JHS,UTTAR PRADESH,D
25.5596018,81.491156,BHARWARI,BRE,ALD,UTTAR PRADESH,D
27.5015007,77.6680613,BHUTESHWAR,BTSR  ,AGC,UTTAR PRADESH,D
26.8221757,84.1019692,CHOLA,CHL,ALD,UTTAR PRADESH,D
25.103341,82.872441,CHUNAR,CAR,ALD,UTTAR PRADESH,D
28.5388226,77.5374467,DADRI,DER,ALD,UTTAR PRADESH,D
28.0279608,79.1362076,DANKAUR,DKDE,ALD,UTTAR PRADESH,D
26.1515268,80.1746136,GHATAMPUR,GTM,JHS,UTTAR PRADESH,D
26.453767,80.3131282,GOVINDPURI,GOY,ALD,UTTAR PRADESH,D
27.6251313,78.1369269,HATHRAS,HRS,ALD,UTTAR PRADESH,D
27.1738041,77.9999716,IDGAH,IDH,AGC,UTTAR PRADESH,D
27.4459595,78.1701595,JALESAR ROAD,JLS,ALD,UTTAR PRADESH,D
26.5547317,79.735137,JHINJHAK,JJK,ALD,UTTAR PRADESH,D
28.611021,77.365559,KALPI,KPI,JHS,UTTAR PRADESH,D
26.8467088,80.9461592,KHAGA,KGA,ALD,UTTAR PRADESH,D
28.2063803,77.8193114,KHURJA,KRJ,ALD,UTTAR PRADESH,D
27.788163,77.446208,KOSI KALAN,KSV  ,AGC,UTTAR PRADESH,D
28.6258689,77.1142578,KULPAHAR,KLAR,JHS,UTTAR PRADESH,D
27.2167394,79.0336205,MAINPURI,MNQ,ALD,UTTAR PRADESH,D
25.163429,82.2375153,MANDA ROAD,MNF,ALD,UTTAR PRADESH,D
27.1578152,77.9899244,MAURANIPUR,MRPR,JHS,UTTAR PRADESH,D
25.2224523,82.0872642,MEJA ROAD,MJA,ALD,UTTAR PRADESH,D
25.3898969,81.866789,NAINI,NYN,ALD,UTTAR PRADESH,D
26.4596367,80.2384079,PANKI,PNK,ALD,UTTAR PRADESH,D
26.223479,79.841233,POKHRAYAN,PHN,JHS,UTTAR PRADESH,D
26.8467088,80.9461592,RAGAUL,RGU,JHS,UTTAR PRADESH,D
24.683243,83.077946,ROBERTSGANJ,RBGJ,ALD,UTTAR PRADESH,D
26.485355,79.9081631,RURA,RURA,ALD,UTTAR PRADESH,D
28.4791889,77.5006899,SHANKARGARH,SRJ,JHS,UTTAR PRADESH,D
27.1988726,78.0063454,SIRATHU,SRO,ALD,UTTAR PRADESH,D
26.5090563,83.7681148,TALBAHAT,TBT,JHS,UTTAR PRADESH,D
25.4394262,81.8492023,ALLAHABAD CITY,ALY,VARANASI,UTTAR PRADESH,D
27.1091915,83.2791332,ANAND NAGAR,ANDN,LUCKNOW,UTTAR PRADESH,D
25.5450383,83.1875079,AUNRIHAR JN.,ARJ,VARANASI,UTTAR PRADESH,D
26.9374101,82.5017766,BABHNAN,BV,LUCKNOW,UTTAR PRADESH,D
28.5712238,77.325234,BAHERI,BHI,IZZATNAGAR,UTTAR PRADESH,D
27.5796782,81.6053824,BAHRAICH,BRK,LUCKNOW,UTTAR PRADESH,D
27.4957265,82.7915848,BARHNI,BNY,LUCKNOW,UTTAR PRADESH,D
26.6855959,80.1391076,BARRAJPUR,BJR,IZZATNAGAR,UTTAR PRADESH,D
28.3792454,80.9159146,BELRAYAN,BXM,LUCKNOW,UTTAR PRADESH,D
26.3097129,84.0323955,BHATPAR RANI,BHTR,VARANASI,UTTAR PRADESH,D
28.4932174,79.4472483,BHOJIPURA JN.,BPR,IZZATNAGAR,UTTAR PRADESH,D
26.8394148,80.060783,BILHAUR,BLU,IZZATNAGAR,UTTAR PRADESH,D
26.8467088,80.9461592,BISALPUR,BSUR,IZZATNAGAR,UTTAR PRADESH,D
27.4892276,80.9907334,BISWAN,BVN,LUCKNOW,UTTAR PRADESH,D
28.0279608,79.1362076,BUDAUN,BEM,IZZATNAGAR,UTTAR PRADESH,D
27.1343028,81.9589563,BURHWAL,BUW,LUCKNOW,UTTAR PRADESH,D
26.6449064,83.5871332,CHAURI-CHAURA,CC,VARANASI,UTTAR PRADESH,D
26.7595215,83.3817547,COLONELGANJ,CLJ,LUCKNOW,UTTAR PRADESH,D
26.8752389,80.927707,DALIGANJ,DAL,LUCKNOW,UTTAR PRADESH,D
27.5982436,79.0829085,DARYAOGANJ,DRO,IZZATNAGAR,UTTAR PRADESH,D
25.3343321,83.0144848,DULLAHPUR,DLR,VARANASI,UTTAR PRADESH,D
26.08697,84.4594503,DURAUNDHA JN,DDA,VARANASI,UTTAR PRADESH,D
27.726307,78.938837,GANJ DUNDWARA,GWA,IZZATNAGAR,UTTAR PRADESH,D
27.0538633,83.7139703,GHUGHULI,GH,VARANASI,UTTAR PRADESH,D
28.0831298,80.4767074,GOLA GOKARANNATH,GK ,LUCKNOW,UTTAR PRADESH,D
26.8467088,80.9461592,GURSHAHAIGANJ,GHJ,IZZATNAGAR,UTTAR PRADESH,D
25.2798256,82.4278341,GYANPUR ROAD,GYN,VARANASI,UTTAR PRADESH,D
28.6493191,78.8686609,HARGAON,HA,LUCKNOW,UTTAR PRADESH,D
27.5996612,78.0544072,HATHRAS CITY,HTC,IZZATNAGAR,UTTAR PRADESH,D
25.9875243,83.6197109,INDARA JN.,IAA,VARANASI,UTTAR PRADESH,D
28.38774,79.4209808,IZZATNAGAR,IZN,IZZATNAGAR,UTTAR PRADESH,D
25.7415709,83.3700905,JAKHANIAN,JKN ,VARANASI,UTTAR PRADESH,D
28.5963081,77.3840941,JARWAL ROAD,JLD,LUCKNOW,UTTAR PRADESH,D
27.4332131,82.1803683,JHARKHANDI FLAG,JKNI,LUCKNOW,UTTAR PRADESH,D
27.5485983,79.3312059,KAIMGANJ,KMJ,IZZATNAGAR,UTTAR PRADESH,D
26.5032507,80.2526492,KALIANPUR,KAP,IZZATNAGAR,UTTAR PRADESH,D
27.2588647,79.6302966,KAMALGANJ,KLJ,IZZATNAGAR,UTTAR PRADESH,D
26.9255137,83.6993309,KAPTANGANJ JN.,CPJ,VARANASI,UTTAR PRADESH,D
27.1828461,83.8683416,KHADA,KZA,VARANASI,UTTAR PRADESH,D
27.2192072,78.2389543,KHATIMA,KHMA,IZZATNAGAR,UTTAR PRADESH,D
26.043797,83.735484,KIRIHRAPUR,KER,VARANASI,UTTAR PRADESH,D
26.2134154,83.910042,LAR ROAD,LRD,VARANASI,UTTAR PRADESH,D
26.8588268,80.9178585,LUCKNOW CITY,LC,LUCKNOW,UTTAR PRADESH,D
27.2886738,81.1148513,MAHMUDABAD (AWADH),MMB,LUCKNOW,UTTAR PRADESH,D
27.1470067,78.0388595,MAHMUDABAD(GOHNA),MMA,VARANASI,UTTAR PRADESH,D
28.2841317,80.3482897,MAILANI,MLN,LUCKNOW,UTTAR PRADESH,D
27.5425188,81.2109588,MASKANWA,MSW,LUCKNOW,UTTAR PRADESH,D
27.4912891,77.6853084,MATHURA CANTT.,MRT,IZZATNAGAR,UTTAR PRADESH,D
28.0270421,81.3878345,MIHINPURWA,MIN,LUCKNOW,UTTAR PRADESH,D
26.4745611,80.3441361,MOHIBULLAHPUR,MBP,LUCKNOW,UTTAR PRADESH,D
27.8602084,81.5128543,NANPARA,NNP,LUCKNOW,UTTAR PRADESH,D
27.2750166,83.0881477,NAUGARH,NUH,LUCKNOW,UTTAR PRADESH,D
27.4246455,83.4201233,NAUTANWA,NTV,LUCKNOW,UTTAR PRADESH,D
28.011466,81.601404,NEPALGANJ ROAD,NPR,LUCKNOW,UTTAR PRADESH,D
26.272598,81.9957519,PALIA KALAN,PLK,LUCKNOW,UTTAR PRADESH,D
27.0641351,83.0884779,PANIYAHAWA,PNYA,VARANASI,UTTAR PRADESH,D
27.6841124,78.9839369,PATIALI,PTI,IZZATNAGAR,UTTAR PRADESH,D
25.310405,83.003349,PAYAGPUR,PDR,LUCKNOW,UTTAR PRADESH,D
28.5803343,77.3109791,PIPRAICH,PPC,VARANASI,UTTAR PRADESH,D
28.5149376,80.1507956,PURANPUR,PP,IZZATNAGAR,UTTAR PRADESH,D
25.8617648,83.8577467,RASRA,RSR,VARANASI,UTTAR PRADESH,D
26.4828016,80.2987571,RAWATPUR,RPO,LUCKNOW,UTTAR PRADESH,D
29.0311638,78.8827588,ROSHANPUR,RHN,IZZATNAGAR,UTTAR PRADESH,D
26.8323864,80.9224765,RUDAIN,RDN,IZZATNAGAR,UTTAR PRADESH,D
26.8735021,80.9938288,SAHATWAR,STW,VARANASI,UTTAR PRADESH,D
27.7891387,78.832714,SAHAWAR TOWN,SWRT,IZZATNAGAR,UTTAR PRADESH,D
26.0278719,82.9236838,SARAI MIR,SMZ,VARANASI,UTTAR PRADESH,D
27.8931025,79.9062256,SHAHJAHANPUR,SZP,IZZATNAGAR,UTTAR PRADESH,D
28.9788255,77.6749497,SIDHAULI,SD,LUCKNOW,UTTAR PRADESH,D
25.324074,82.9879189,SIKANDRA RAO,SKA,IZZATNAGAR,UTTAR PRADESH,D
27.1491306,83.7562305,SISWA BAZAR,SBZ,VARANASI,UTTAR PRADESH,D
27.8839605,78.7491398,SORON (SHUKARKSHETRA),SRN,IZZATNAGAR,UTTAR PRADESH,D
27.1684611,81.2039852,TEHSIL FATEHPUR,TSF,LUCKNOW,UTTAR PRADESH,D
28.5546055,77.1947963,TULSIPUR,TLR,LUCKNOW,UTTAR PRADESH,D
27.9950318,79.014619,UJHANI,UJH,IZZATNAGAR,UTTAR PRADESH,D
25.3343321,83.0144848,VARANASI CITY,BCY,VARANASI,UTTAR PRADESH,D
25.6365163,83.7474364,YUSUFPUR,YFP,VARANASI,UTTAR PRADESH,D
27.6446553,79.9740851,ANJI SHAHBAD,AJI,MB,UTTAR PRADESH,D
26.055171,81.89799,ANTU,ANT,LKO,UTTAR PRADESH,D
28.2681297,79.1676802,AONLA,AO,MB,UTTAR PRADESH,D
26.7497211,83.3677446,ASAFPUR,AFR,MB,UTTAR PRADESH,D
28.2666132,78.4035337,BABRALA,BBA,MB,UTTAR PRADESH,D
26.4689115,81.1139005,BACHHRAWAN,BCN,LKO,UTTAR PRADESH,D
25.6528242,82.1907931,BADSHAHPUR,BSE,LKO,UTTAR PRADESH,D
28.957344,77.272195,BAGHPAT ROAD,BPM,DLI,UTTAR PRADESH,D
27.1671945,80.3529465,BALA MAU,BLM,MB,UTTAR PRADESH,D
29.0971587,77.273077,BARAUT,BTU,DLI,UTTAR PRADESH,D
29.3857885,78.1470489,BIJNOR,BJO,MB,UTTAR PRADESH,D
28.287919,79.2851056,BISHARATGANJ,BTG,MB,UTTAR PRADESH,D
28.3915609,77.8486036,BULANDSHAHR,BSC,MB,UTTAR PRADESH,D
29.132539,78.2766008,CHANDPUR SIAU,CPS,MB,UTTAR PRADESH,D
26.0753474,81.0538167,DALMAU,DMW,LKO,UTTAR PRADESH,D
26.8840838,81.5527454,DARYABAD,DYD,LKO,UTTAR PRADESH,D
29.305654,78.502134,DHAMPUR,DPR,MB,UTTAR PRADESH,D
28.760429,78.1410983,GARH MUKTESAR,GMS,MB,UTTAR PRADESH,D
25.776547,81.4143616,GARHI MANIK PUR,GRMR,LKO,UTTAR PRADESH,D
26.3047009,83.6611887,GAURI GANJ,GNG,LKO,UTTAR PRADESH,D
26.5710922,82.3839048,GOSHAIN GANJ,GGJ,LKO,UTTAR PRADESH,D
28.834805,78.2492599,GUJRAULA,GJL,MB,UTTAR PRADESH,D
26.6211814,81.3627994,HAIDER GARH,HGH,LKO,UTTAR PRADESH,D
29.2903731,78.2758233,HALDAUR,HLDR,MB,UTTAR PRADESH,D
26.2618764,81.5545627,JAIS,JAIS,LKO,UTTAR PRADESH,D
25.6122781,82.7728054,JALAL GANJ,JLL,LKO,UTTAR PRADESH,D
26.4767483,80.3789645,KANPUR LEFT BANK BRIDGE,CPB,LKO,UTTAR PRADESH,D
26.4603795,80.3091999,KANTH,KNT,MB,UTTAR PRADESH,D
25.3270703,83.0318335,KASHI,KEI,LKO,UTTAR PRADESH,D
26.8569277,84.048315,KHATAULI,KAT,DLI,UTTAR PRADESH,D
28.8714573,77.2891411,KHEKRA,KEX,DLI,UTTAR PRADESH,D
25.7143785,81.5096652,KUNDA HARNAM GANJ,KHNM,LKO,UTTAR PRADESH,D
26.1728214,80.9731444,LAL GANJ,LLJ,LKO,UTTAR PRADESH,D
25.6357731,81.6252148,LAL GOPAL GANJ,LGO,LKO,UTTAR PRADESH,D
26.3944981,80.3291935,LAMBHUA,LBA,LKO,UTTAR PRADESH,D
26.2821974,82.6415674,MALIPUR,MLPR,LKO,UTTAR PRADESH,D
26.8105,80.890973,MANAKNAGAR,MKG,LKO,UTTAR PRADESH,D
25.9394323,83.5638069,MARIAHU,MAY,LKO,UTTAR PRADESH,D
28.828582,77.572273,MODINAGAR,MDNR,DLI,UTTAR PRADESH,D
26.8467088,80.9461592,MOTICHUR,MOTC,MB,UTTAR PRADESH,D
28.6843522,77.9407722,MURADNAGAR,MUD,DLI,UTTAR PRADESH,D
26.379406,81.7996328,MUSAFIRKHANA,MFKA,LKO,UTTAR PRADESH,D
29.4384284,78.4238707,NAGINA,NGG,MB,UTTAR PRADESH,D
28.6744019,77.4379387,NAYA GHAZIABAD,GZN,DLI,UTTAR PRADESH,D
28.7442521,77.3100447,NOLI,NOLI,DLI,UTTAR PRADESH,D
25.525578,81.866789,PHAPHA MAU,PFM,LKO,UTTAR PRADESH,D
26.506722,83.7828048,PILKHUA,PKW,MB,UTTAR PRADESH,D
28.2000966,79.5382451,PITAMBARPUR,PMR,MB,UTTAR PRADESH,D
28.627699,78.7797731,RAJA KA SAHASPUR,RJK,MB,UTTAR PRADESH,D
28.2362336,78.3541811,RAJGHAT NARORA,RG,MB,UTTAR PRADESH,D
30.3096087,78.0428352,ROZA,RAC,MB,UTTAR PRADESH,D
26.8323864,80.9224765,RUDAULI,RDL,LKO,UTTAR PRADESH,D
27.06008,80.516551,SANDILA,SAN,MB,UTTAR PRADESH,D
28.5816992,77.3091145,SEOHARA,SEO,MB,UTTAR PRADESH,D
29.4449945,77.3164681,SHAMLI,SMQL,DLI,UTTAR PRADESH,D
27.5575087,80.6993652,SITAPUR CANTT.,SCC,MB,UTTAR PRADESH,D
27.5840411,80.6798868,SITAPUR CITY,SPC,MB,UTTAR PRADESH,D
28.67114,77.434506,SRI KRISHNA NAGAR,SKN,LKO,UTTAR PRADESH,D
25.4614336,82.4238164,SURIYAWAN,SAW,LKO,UTTAR PRADESH,D
26.8467088,80.9461592,TAKIA,TQA,LKO,UTTAR PRADESH,D
26.8467088,80.9461592,TAPRI,TPZ,DLI,UTTAR PRADESH,D
28.575408,77.327776,TILHAR,TLH,MB,UTTAR PRADESH,D
25.9028168,81.3002278,UNCHAHAR,UCR,LKO,UTTAR PRADESH,D
26.7759155,82.1433233,ZAFRABAD,ZBD,LKO,UTTAR PRADESH,D
29.1579279,79.1465274,BAZPUR,BPZ,IZZATNAGAR,UTTARAKHAND,D
29.9319103,79.6600343,KICHHA,KHH,IZZATNAGAR,UTTARAKHAND,D
29.389758,79.1221298,RAMNAGAR,RMR,IZZATNAGAR,UTTARAKHAND,D
29.0673,80.109642,TANAKPUR,TPU,IZZATNAGAR,UTTARAKHAND,D
30.066753,79.0192997,DUBTARA,DUB,MB,UTTARAKHAND,D
29.9284211,78.1209861,JWALAPUR,JWP,MB,UTTARAKHAND,D
29.7425951,78.5210938,KOTDWARA,KTW,MB,UTTARAKHAND,D
23.5789648,87.181588,ANDAL ,UDL,ASN,WEST BENGAL,D
24.2302463,88.2597854,AZIMGANJ JN,AZ,HWH,WEST BENGAL,D
23.742099,86.8176752,BARAKAR,BRR,ASN,WEST BENGAL,D
22.5865011,88.3413071,BELDANGA,BEB,SDAH,WEST BENGAL,D
23.6116252,88.3815873,BETHUADAHERI,BTY,SDAH,WEST BENGAL,D
22.6052094,88.3653259,BHAGWANGOLA,BQG,SDAH,WEST BENGAL,D
22.9867569,87.8549755,COSSIMBAZAR,CSZ,SDAH,WEST BENGAL,D
22.4835947,88.3767458,DEBAGRAM,DEB,SDAH,WEST BENGAL,D
24.672319,87.938339,DHULIANGANGA,DGLE,MLDT,WEST BENGAL,D
22.9867569,87.8549755,GUSKARA,GKH,HWH,WEST BENGAL,D
24.4592995,88.0410711,JANGIPUR ROAD,JRLE,MLDT,WEST BENGAL,D
22.9867569,87.8549755,JIAGANJ,JJG,SDAH,WEST BENGAL,D
24.1063507,88.2259446,KHAGRAGHAT RD.,KGLE,HWH,WEST BENGAL,D
22.9867569,87.8549755,KHALTIPUR,KTJ,MLDT,WEST BENGAL,D
22.9867569,87.8549755,KRISHNAPUR,KRP,SDAH,WEST BENGAL,D
23.734227,86.8141288,KULTI ,ULT,ASN,WEST BENGAL,D
24.421337,88.2579482,LALGOLA,LGL,SDAH,WEST BENGAL,D
22.5673321,88.3708625,MANKAR,MNAE,ASN,WEST BENGAL,D
24.0791683,87.7263371,MOLLARPUR,MLV,HWH,WEST BENGAL,D
24.4407784,87.8587352,MURARAI,MRR,HWH,WEST BENGAL,D
24.1768937,88.2814604,MURSHIDABAD,MBB,SDAH,WEST BENGAL,D
24.2958323,87.8387787,NALHATI,NHT,HWH,WEST BENGAL,D
24.6238726,88.0095971,NIMTITA,NILE,MLDT,WEST BENGAL,D
22.677761,88.2838262,PALASSY,PLY,SDAH,WEST BENGAL,D
23.7123089,87.2772711,PANDAVESWAR,PAW,ASN,WEST BENGAL,D
24.544924,87.867656,RAJGRAM,RJG,HWH,WEST BENGAL,D
22.614196,88.4215034,SAGARDIGHI,SDI,HWH,WEST BENGAL,D
23.9505008,87.6813219,SAINTHIA ,SNT,HWH,WEST BENGAL,D
22.473466,88.402139,SALAR,SALE,HWH,WEST BENGAL,D
23.7239259,86.8965022,SITARAMPUR,STN,ASN,WEST BENGAL,D
23.8904632,87.5311409,SIURI,SURI,ASN,WEST BENGAL,D
25.2329557,88.7581209,BALURGHAT,BLGT,KIR,WEST BENGAL,D
26.7471764,89.0537911,BINNAGURI,BNV,APDJ,WEST BENGAL,D
26.7147191,89.1367955,DALGAON,DLO,APDJ,WEST BENGAL,D
27.0379865,88.2631226,DARJEELING,DJ,KIR,WEST BENGAL,D
26.5391413,89.1911897,FALAKATA,FLK,APDJ,WEST BENGAL,D
22.9867569,87.8549755,GHOKSADANGA,GDX,APDJ,WEST BENGAL,D
26.3358634,88.7826211,HALDIBARI,HDB,KIR,WEST BENGAL,D
25.4043839,87.8683141,HARISHCHANDRAPUR,HCR,KIR,WEST BENGAL,D
26.5591635,88.7091671,JALPAIGURI ROAD,JPE,APDJ,WEST BENGAL,D
22.7771139,86.1832939,KALIYAGANJ,KAJ,KIR,WEST BENGAL,D
26.4766945,89.7295685,KAMAKHYAGURI,KAMG,APDJ,WEST BENGAL,D
25.428234,87.80656,KUMDEDPUR,KDPR,KIR,WEST BENGAL,D
26.877986,88.2778,KURSEONG,KGN,KIR,WEST BENGAL,D
26.578427,88.822855,NEW MAYNAGURI,NMX,APDJ,WEST BENGAL,D
26.707135,88.429081,SILIGURI TOWN,SGUT,KIR,WEST BENGAL,D
22.9867569,87.8549755,TUFANGANJ,TFGN,APDJ,WEST BENGAL,D
23.4802124,86.5603352,ANARA,ANR,ADA,WEST BENGAL,D
23.0933396,86.2117655,BARABHUM,BBM,ADA,WEST BENGAL,D
22.0772073,87.3425568,BELDA,BLDA,KGP,WEST BENGAL,D
23.0650177,87.3013025,BISHNUPUR,VSU,ADA,WEST BENGAL,D
23.6728383,86.9396433,BURNPUR,BURN,ADA,WEST BENGAL,D
23.497742,87.3040313,CHAKULIA,CKU,KGP,WEST BENGAL,D
22.7390101,87.3410495,CHANDRAKONA ROAD,CDGR,ADA,WEST BENGAL,D
22.8443598,87.3211802,GARBETA,GBA,ADA,WEST BENGAL,D
22.3412064,87.3063593,GIRIMAIDAN,GMDN,KGP,WEST BENGAL,D
22.0448109,88.0654796,HALDIA,HLZ,KGP,WEST BENGAL,D
23.3700384,85.974673,JHALIDA,JAA,RNC,WEST BENGAL,D
22.4541542,86.9982866,JHARGRAM,JGM,KGP,WEST BENGAL,D
23.5171521,86.6811533,JOYCHANDIPAHAR,JOC,ADA,WEST BENGAL,D
21.788386,87.7339222,KANTHI,KATI,KGP,WEST BENGAL,D
22.6413654,87.3213355,SALBONI,SLB,ADA,WEST BENGAL,D
22.9867569,87.8549755,TAMLUK,TMZ,KGP,WEST BENGAL,D
22.9867569,87.8549755,NETAJI,KNTJ,NA,WEST BENGAL,D
22.549368,88.349061,MAIDAN,KMDI,NA,WEST BENGAL,D
22.5808583,88.361401,MAHATMA GANDHI ROAD,KMHR,NA,WEST BENGAL,D
22.4659697,88.3918268,SAHID KHUDIRAM,KSKD,NA,WEST BENGAL,D
22.5871427,88.3630828,GRISHPARK,KGPK,NA,WEST BENGAL,D
22.532977,88.3457124,NETAJI BHAVAN,KNBN,NA,WEST BENGAL,D
22.4694743,88.3698387,GITANJALI,KGTN,NA,WEST BENGAL,D
22.4719883,88.3978905,KAVI SUBHASH,KKVS,NA,WEST BENGAL,D
