Latitude,Longitude,STATION_NAME,STATION_CODE,DIVISION,STATE,CATEGORY
18.3327335,82.8652474,ARAKU,ARK,WAT,ANDHRA PRADESH,B
18.57634,83.3459156,BOBBILI,VBL,WAT,ANDHRA PRADESH,B
18.2752176,83.0400198,BORRAGUHALU,BGHU,WAT,ANDHRA PRADESH,B
17.7030756,83.1509966,DUVVADA,DVD,WAT,ANDHRA PRADESH,B
19.1113809,84.6806273,ICHCHHAPURAM,IPM,KUR,ANDHRA PRADESH,B
17.7452495,83.2207651,SIMHACHALAM,SCM,WAT,ANDHRA PRADESH,B
18.9813646,84.5815034,SOMPETA,SPT,KUR,ANDHRA PRADESH,B
19.6806051,78.53624,ADILABAD                                          ,ADB ,NED,ANDHRA PRADESH,B
15.6175995,77.2746882,ADONI                                             ,AD  ,GTL,ANDHRA PRADESH,B
17.2776746,82.4007654,ANNAVARAM                                         ,ANV ,BZA       ,ANDHRA PRADESH,B
15.9084111,80.4684969,BAPATLA                                           ,BPP ,BZA       ,ANDHRA PRADESH,B
15.9128998,79.7399875,BASAR                                             ,BSX ,HYB       ,ANDHRA PRADESH,B
17.4386161,78.4583102,BEGUMPET                                      ,BMT ,SC        ,ANDHRA PRADESH,B
17.5513181,80.6144184,BHADRACHALAM ROAD                                 ,BDCR,SC        ,ANDHRA PRADESH,B
16.5445881,81.537373,BHIMAVARAM JN.                                    ,BVRM,BZA       ,ANDHRA PRADESH,B
13.2189652,79.1033482,CHITTOOR                                          ,CTO ,GTL,ANDHRA PRADESH,B
14.4247555,77.7176658,DHARMAVARAM                                       ,DMM ,GTL,ANDHRA PRADESH,B
15.3952829,77.8680416,DHONE,DHNE,GTL,ANDHRA PRADESH,B
15.1496783,77.6260475,GOOTY JN.                                         ,GY  ,GTL,ANDHRA PRADESH,B
16.4305131,80.988339,GUDIVADA JN.                                      ,GDV ,BZA       ,ANDHRA PRADESH,B
16.9538599,82.2405709,KAKINADA PORT                                     ,COA ,BZA       ,ANDHRA PRADESH,B
14.4471379,79.9783065,KAMAREDDI                                         ,KMC ,HYB       ,ANDHRA PRADESH,B
14.9157489,79.9885798,KAVALI                                            ,KVZ ,BZA       ,ANDHRA PRADESH,B
17.4829865,78.3168725,LINGAMPALLI                                       ,LPI ,SC        ,ANDHRA PRADESH,B
16.1718236,81.1382282,MACHILIPATNAM                                     ,MTM ,BZA       ,ANDHRA PRADESH,B
16.7574474,77.9990775,MAHABOOBNAGAR                                 ,MBNR,HYB       ,ANDHRA PRADESH,B
16.5186249,80.6198977,MAHBUBABAD                                        ,MABD,SC        ,ANDHRA PRADESH,B
15.9443078,77.2981662,MANTRALAYAM ROAD                                  ,MALM,GTL,ANDHRA PRADESH,B
16.9538599,82.2405709,NALGONDA                                          ,NLDA,GNT       ,ANDHRA PRADESH,B
15.4681612,78.4728856,NANDYAL                                           ,NDL ,GNT       ,ANDHRA PRADESH,B
16.5445881,81.537373,NARASAPUR                                         ,NS  ,BZA       ,ANDHRA PRADESH,B
16.8982178,81.6745583,NIDADAVOLU JN.                                    ,NDD ,BZA       ,ANDHRA PRADESH,B
15.9128998,79.7399875,PALAKOLLU                                         ,PKO ,BZA       ,ANDHRA PRADESH,B
18.763759,79.4348968,RAMAGUNDAM                                        ,RDM ,SC        ,ANDHRA PRADESH,B
15.2525617,80.0264199,SINGARAYAKONDA                                    ,SKM ,BZA       ,ANDHRA PRADESH,B
19.3465676,79.4899919,SIRPUR KAGHAZNAGAR                                 ,SKZR,SC        ,ANDHRA PRADESH,B
13.7438112,79.6816083,SRI KHALASTHI                                     ,KHT ,GTL,ANDHRA PRADESH,B
13.5883483,80.0362624,TANDUR                                            ,TDU ,SC        ,ANDHRA PRADESH,B
16.751739,81.674063,TANUKU                                            ,TNKU,BZA       ,ANDHRA PRADESH,B
17.3345059,77.9087108,VIKARABAD JN.                                     ,VKB ,SC        ,ANDHRA PRADESH,B
14.6436347,78.5336654,YERRAGUNTLA                                       ,YA  ,GTL,ANDHRA PRADESH,B
13.8187775,77.5000923,HINDUPUR,HUP,SBC,ANDHRA PRADESH,B
27.4643753,94.9365535,DIBRUGARH ,DBRG,TSK,ASSAM,B
25.8379895,93.4386564,DIPHU,DPU,LMG,ASSAM,B
26.3566026,92.6730422,HAIBORGAON,HBN,LMG,ASSAM,B
26.018862,92.872027,HOJAI,HJI,LMG,ASSAM,B
26.1397754,91.7862854,KOKRAJHAR,KOJ,APDJ,ASSAM,B
26.6532361,94.3090537,MARIANI,MXN,TSK,ASSAM,B
26.47546,90.53718,NEW BONGAIGAON ,NBQ,RNY,ASSAM,B
27.4797616,95.3340108,NEW TINSUKIA,NTSK,TSK,ASSAM,B
26.2006043,92.9375739,TEZPUR ,TZTB,RNY,ASSAM,B
27.1303239,84.0673672,BAGAHA,BUG,SPJ,BIHAR,B
25.4809392,85.7067811,BARH,BARH,DNR,BIHAR,B
25.4249231,86.1340421,BEGUSARAI,BGS,SEE,BIHAR,B
25.1727483,83.6194533,BHABHUA ROAD,BBU,MGS,BIHAR,B
25.2030829,85.5394075,BIHARSHARIF,BEHS,DNR,BIHAR,B
26.4172774,85.04697,CHAKIA,CAA,SPJ,BIHAR,B
25.7305286,85.9336642,DALSINGHSARAI,DSS,SEE,BIHAR,B
25.5717667,84.1434771,DUMRAON,DURE,DNR,BIHAR,B
25.366062,85.987331,HATHIDAH,HTZ,DNR,BIHAR,B
24.772899,86.3861346,JHAJHA,JAJ,DNR,BIHAR,B
25.1719001,86.0940494,LUCKEE SARAI,LKR,DNR,BIHAR,B
25.5091267,86.5553714,MANSI JN.,MNE,SEE,BIHAR,B
26.2385941,86.0958758,NAUGACHIA,NNA,SEE,BIHAR,B
25.0329651,85.4152064,RAJGIR,RGD,DNR,BIHAR,B
26.2088821,86.0772574,SAKARI JN.,SKI,SPJ,BIHAR,B
26.919084,75.7994862,SITAMARHI,SMI,SPJ,BIHAR,B
25.6971188,85.1685995,SONEPUR,SEE,SEE,BIHAR,B
25.25252,87.2397726,KAHAL GAON,CLG,MLDT,BIHAR,B
25.2416518,86.7354506,SULTANGANJ,SGG,MLDT,BIHAR,B
24.7766689,84.1569361,MAIRWA,MW,VARANASI,BIHAR,B
26.1146569,87.4474695,ARARIA COURT,ARQ,KIR,BIHAR,B
25.6511814,87.9236743,BARSOI JN.,BOE ,KIR,BIHAR,B
26.299115,87.26235,FORBESGANJ,FBG,KIR,BIHAR,B
19.0662994,82.0141044,JAGDALPUR,JDB,WAT,CHHATTISGARH,B
22.029115,82.4224769,AKALTARA,AKT,BSP,CHHATTISGARH,B
23.1369017,83.1436368,AMBIKAPUR,ABKP,BSP,CHHATTISGARH,B
21.7329309,81.9464916,BHATAPARA,BYT,R,CHHATTISGARH,B
21.1855851,80.7600662,DONGARGARH,DGG,NGP,CHHATTISGARH,B
22.3564585,82.7061332,KORBA,KRBA,BSP,CHHATTISGARH,B
22.7558359,81.8990975,PENDRA ROAD *,PND,BSP,CHHATTISGARH,B
21.550699,81.794821,TILDA,TLD,R,CHHATTISGARH,B
28.6824068,77.0646312,NANGLOI,NNO,DLI,DELHI,B
28.6813503,77.1278603,SHAKURBASTI,SSB,DLI,DELHI,B
28.6685564,77.2004162,SUBZI MANDI,SZM,DLI,DELHI,B
19.184844,72.834087,BHAUCHAU,BCO,AHMEDABAD,GUJARAT,B
20.7651959,72.9705083,BILMORA,BIM,MUMBAI CENTRAL,GUJARAT,B
22.1829406,71.6656666,BOTAD,BTD,BHAVNAGAR,GUJARAT,B
22.8439445,74.2543751,DAHOD,DHD,RATLAM,GUJARAT,B
22.2509432,68.9804203,DWARKA,DWK,RAJKOT,GUJARAT,B
22.7767597,73.6061542,GODHARA,GDA,VADODARA,GUJARAT,B
21.9722108,70.7954985,GONDAL,GDL,BHAVNAGAR,GUJARAT,B
22.4679978,70.1165555,HAPA,HAPA,RAJKOT,GUJARAT,B
21.5291006,70.4578445,JUNAGARH,JND,BHAVNAGAR,GUJARAT,B
22.4718166,69.0759005,OKHA,OKHA,RAJKOT,GUJARAT,B
21.643383,69.614061,PORBANDAR,PBR,BHAVNAGAR,GUJARAT,B
20.4621296,72.9190261,UDVADA,UVD,MUMBAI CENTRAL,GUJARAT,B
22.6217498,70.9651751,WANKANER,WKR,RAJKOT,GUJARAT,B
29.0587757,76.085601,BAHADURGARH,BGZ,DLI,HARYANA,B
28.3766075,77.3095572,FARIDABAD TOWN,FDN,DLI,HARYANA,B
29.3290286,76.2895451,JIND,JHI,DLI,HARYANA,B
29.969467,76.8519728,KURUKSHETRA,KKDE,DLI,HARYANA,B
28.1512643,77.3414273,PALWAL,PWL,DLI,HARYANA,B
29.5394534,75.035012,SIRSA,SSA,BIKANER,HARYANA,B
31.4788095,76.2749508,UNA HIMACHAL,UHL,UMB,HIMACHAL PRADESH,B
32.3978021,75.5511421,KATHUA,KTHU,FZR,JAMMU & KASHMIR,B
23.6241344,85.4701081,BARKA KANA JN.,BRKA,DHN,JHARKHAND,B
23.7554309,86.1202781,CHANDRA PURA JN.,CRP,DHN,JHARKHAND,B
24.2147119,83.8853541,GARWA ROAD JN.,GHD,DHN,JHARKHAND,B
24.8578739,87.7746422,BARHARWA,BHW,MLDT,JHARKHAND,B
23.8570915,86.8786241,CHITTARANJAN,CRJ,ASN,JHARKHAND,B
24.6399477,87.8336389,PAKUR,PKR,HWH,JHARKHAND,B
25.24052,87.634388,SAHIBGANJ,SBG,MLDT,JHARKHAND,B
22.678237,85.627317,CHAKRADHARPUR,CKP,CKP,JHARKHAND,B
17.0548322,76.9927474,WADI,WADI,SUR,KARNATAKA,B
17.9117883,77.5152806,BIDAR                                             ,BIDR,SC        ,KARNATAKA,B
13.3136091,76.2533431,ARSIKERE,ASK,MYS,KARNATAKA,B
16.1789031,75.7003483,BAGALKOT,BGK,UBL,KARNATAKA,B
13.0053952,77.6287327,BANASWADI,BAND,SBC,KARNATAKA,B
13.8423987,75.702802,BHADRAVATHI,BDVT,MYS,KARNATAKA,B
13.5933106,75.9729177,BIRUR,RRB,MYS,KARNATAKA,B
15.4367164,75.6420842,GADAG,GDG,UBL,KARNATAKA,B
14.5154253,75.8108972,HARIHAR,HRR,MYS,KARNATAKA,B
12.995791,77.7662889,HASSAN **,HAS,MYS,KARNATAKA,B
12.9818494,77.5324516,HAVERI,HVR,MYS,KARNATAKA,B
14.6220335,75.6330123,KOPPAL,KBL,UBL,KARNATAKA,B
15.4490072,74.496447,LONDA **,LD,UBL,KARNATAKA,B
12.5291666,76.8971365,MANDYA,MYA ,SBC,KARNATAKA,B
15.2030675,76.6631106,TORNAGALLU,TNGL,UBL,KARNATAKA,B
13.3339043,77.101924,TUMKUR,TK ,SBC,KARNATAKA,B
13.1021823,77.5928353,YELAHANKA,YNK ,SBC,KARNATAKA,B
9.4502515,76.5474733,CHANGANACHERI                      ,CGY  ,TVC,KERALA,B
10.5973001,76.0459025,GURUVAYUR                          ,GUV  ,TVC,KERALA,B
8.5098022,76.8971128,KOCHUVELI                          ,KCVL ,TVC,KERALA,B
8.541622,76.9056994,KUTTIPURAM                         ,KTU  ,PGT,KERALA,B
10.7697787,76.3777041,OTTAPPALAM                         ,OTP  ,PGT,KERALA,B
11.4461307,75.693805,QUILANDI                           ,QLD  ,PGT,KERALA,B
8.7403307,76.7233532,VARKALASHIVAGIRI                   ,VAK  ,TVC,KERALA,B
25.8818211,78.3305659,DABRA,DBA,JHS,MADHYA PRADESH,B
25.6409886,78.4561895,DATIA,DAA,JHS,MADHYA PRADESH,B
24.7964766,79.8893648,KHAJURAHO ,KURJ,JHS,MADHYA PRADESH,B
23.1175946,81.6955917,ANUPPUR JN,APR,BSP,MADHYA PRADESH,B
22.0579382,78.9537526,CHHINDWARA,CWA,NGP,MADHYA PRADESH,B
23.2861677,81.3645177,SHAHDOL,SDL,BSP,MADHYA PRADESH,B
23.5248763,80.8346294,UMARIA *,UMR,BSP,MADHYA PRADESH,B
22.9003668,78.7926693,GADARWARA,GAR,JBP,MADHYA PRADESH,B
23.8458612,77.944667,GANJBASODA,BAQ,BPL,MADHYA PRADESH,B
24.6410174,77.3143624,GUNA,GUNA,BPL,MADHYA PRADESH,B
22.33917,77.101726,HARDA,HD,BPL,MADHYA PRADESH,B
23.8310929,80.3919563,KATNI MURWARA,KMZ,JBP,MADHYA PRADESH,B
23.1602717,79.9207966,MADANMAHAL,MML,JBP,MADHYA PRADESH,B
22.9430656,79.2146594,NURSINGHPUR,NU,JBP,MADHYA PRADESH,B
23.487683,77.735866,SANCHI,SCI,BPL,MADHYA PRADESH,B
25.4381591,77.6380581,SHIVPURI,SVPI,BPL,MADHYA PRADESH,B
22.9779933,76.0516093,DEWAS,DWX,RATLAM,MADHYA PRADESH,B
24.0752897,75.0763236,MANDSAUR,MDS,RATLAM,MADHYA PRADESH,B
22.5555279,75.7691377,MHOW,MHW,RATLAM,MADHYA PRADESH,B
24.4623087,74.8500851,NIMACH,NMH,RATLAM,MADHYA PRADESH,B
19.897031,73.836749,DEVLALI,DVL,BSL,MAHARASHTRA,B
20.784422,78.138315,DHAMANGAON,DMN,NGP,MAHARASHTRA,B
17.5652991,75.9896817,HOTGI,HG,SUR,MAHARASHTRA,B
19.6945668,73.5621734,IGATPURI,IGP,BB,MAHARASHTRA,B
17.3100668,74.2167423,KARAD,KRD,PA,MAHARASHTRA,B
20.8918275,76.2045723,MALKAPUR,MKU,BSL,MAHARASHTRA,B
19.070726,72.836127,MATHERAN$,MAE,BB,MAHARASHTRA,B
20.7362953,77.3548747,MURTIZAPUR,MZR,BSL,MAHARASHTRA,B
20.668685,75.3491431,PACHORA,PC,BSL,MAHARASHTRA,B
17.669436,75.319621,PANDHARPUR  ,PVR,SUR,MAHARASHTRA,B
16.8584939,74.5881218,SANGLI,SLI,PA,MAHARASHTRA,B
17.6881534,74.0634259,SATARA,STR,PA,MAHARASHTRA,B
20.7391683,78.6185275,SEWAGRAM,SEGM,NGP,MAHARASHTRA,B
21.3740665,74.2443842,NANDURBAR,NDB,MUMBAI CENTRAL,MAHARASHTRA,B
19.147994,77.509676,MUDKHED JN.                                       ,MUE ,NED,MAHARASHTRA,B
18.8525934,76.5250002,PARLI VAIJNATH                                    ,PRLI,SC        ,MAHARASHTRA,B
19.1806578,77.0253208,PURNA,PAU,NED,MAHARASHTRA,B
19.9402671,79.3126467,CHANDAFORT *,CAF,NGP,MAHARASHTRA,B
21.1577089,79.119795,ITWARI,ITR,NGP,MAHARASHTRA,B
21.393554,79.2999309,RAMTEK *,RTK,NGP,MAHARASHTRA,B
20.8602474,85.1020369,ANGUL,ANGL,KUR,ODISHA,B
20.6876744,83.4938469,BALANGIR ,BLGR,SBP,ODISHA,B
19.7473531,85.2007311,BALUGAON,BALU,KUR,ODISHA,B
21.3328674,83.6432093,BARGARH ROAD,BRGA,SBP,ODISHA,B
19.9520227,85.4767125,BHUSANDPUR,BSDP,KUR,ODISHA,B
19.3591879,84.9737895,CHATRAPUR ,CAP,KUR,ODISHA,B
19.8449627,85.4788065,CHILKA,CLKA,KUR,ODISHA,B
18.7684873,82.8664179,DAMAJODI,DMNJ,WAT,ODISHA,B
20.9516658,85.0985236,DHANMANDAL,DNM,KUR,ODISHA,B
20.6766572,85.5905518,DHENKANAL,DNKL,KUR,ODISHA,B
20.308393,86.260482,GORAKHNATH,GRKN,KUR,ODISHA,B
20.9516658,85.0985236,HARICHANDANPUR,HCNR,KUR,ODISHA,B
20.266601,85.8436154,HARISANKAR ROAD,HSK,SBP,ODISHA,B
20.9516658,85.0985236,JEYPORE,JYP,WAT,ODISHA,B
19.897047,85.403464,KALUPARAGHAT,KAPG,KUR,ODISHA,B
20.2845501,83.1546821,KANTABANJI,KBJ,SBP,ODISHA,B
21.660499,85.626252,KENDUJHARGARH,KDJR,KUR,ODISHA,B
20.188414,83.2249599,KESINGA,KSNG,SBP,ODISHA,B
20.355255,85.8153017,KHALLIKOTA,KIT,KUR,ODISHA,B
18.792019,82.719012,KORAPUT,KRPU,WAT,ODISHA,B
20.8096122,82.5626251,NAWAPARA ROAD,NPD,SBP,ODISHA,B
19.9951743,85.5358503,NIRAKARPUR,NKP,KUR,ODISHA,B
20.2797408,86.612238,PARADEEP,PRDP,KUR,ODISHA,B
19.942903,85.815867,SAKHIGOPAL,SIL,KUR,ODISHA,B
20.9322475,85.200566,TALCHER,TLHR,KUR,ODISHA,B
20.2845501,83.1546821,TITLAGARH JN.,TIG,SBP,ODISHA,B
11.9249268,79.8277324,PUDUCHERRY                         ,PDY  ,TPJ,PUDUCHERRY,B
30.1392329,74.1946363,ABOHAR JN.,ABS,UMB,PUNJAB,B
30.6871759,74.7526972,FARIDKOT,FDK,FZR,PUNJAB,B
31.0169691,75.7859295,PHILLAUR,PHR,FZR,PUNJAB,B
26.6963405,77.9060164,DHOLPUR ,DHO,JHS,RAJASTHAN,B
25.830493,72.247102,BALOTRA,BLT,JODHPUR,RAJASTHAN,B
26.1080984,74.3139864,BEAWAR,BER,AJMER,RAJASTHAN,B
26.9003843,76.3308182,DAUSA,DO,JAIPUR,RAJASTHAN,B
25.075318,73.1408519,JAWAIBANDH,JWB,AJMER,RAJASTHAN,B
26.888899,75.803014,KISHANGARH,KSG,JAIPUR,RAJASTHAN,B
27.037005,74.7251149,MAKRANA,MKN,JODHPUR,RAJASTHAN,B
24.7945616,73.9735446,MAVLI JN. ,MVJ,AJMER,RAJASTHAN,B
26.7277544,73.9179036,MERTA ROAD,MTD,JODHPUR,RAJASTHAN,B
27.5546178,73.4761683,NOKHA,NOK,JODHPUR,RAJASTHAN,B
26.2914,73.040015,RAI KA BAGH PALACE JN,RKB,JODHPUR,RAJASTHAN,B
27.6169822,75.1533348,SIKAR,SIKR,JAIPUR,RAJASTHAN,B
24.4193775,75.8303678,BHAWANI MANDI,BWM,KOTA,RAJASTHAN,B
25.408472,75.6512662,BUNDI,BUDI,KOTA,RAJASTHAN,B
26.4683254,76.7273173,GANGAPUR CITY,GGC,KOTA,RAJASTHAN,B
26.7519193,77.0283686,HINDAUN CITY,HAN,KOTA,RAJASTHAN,B
24.6439772,75.9397922,RAMGANJ MANDI,RMA,KOTA,RAJASTHAN,B
12.7835692,78.7218465,AMBUR                              ,AB   ,MAS,TAMIL NADU,B
11.1503233,79.068566,ARIYALUR                           ,ALU  ,TPJ,TAMIL NADU,B
10.0696732,78.7939561,KARAIKKUDI  JN                     ,KKDI ,MDU,TAMIL NADU,B
8.3012989,77.2186862,KULITTURAI                         ,KZT  ,TVC,TAMIL NADU,B
13.0386757,80.2279124,MAMBALAM                           ,MBM  ,MAS,TAMIL NADU,B
12.428398,79.8330007,MELMARUVATHUR                      ,MLMR ,MAS,TAMIL NADU,B
10.7597151,79.8456052,NAGAPPATTINAM                      ,NGT  ,TPJ,TAMIL NADU,B
12.8682758,80.0639689,PARAMAKKUDI                        ,PMK  ,MDU,TAMIL NADU,B
13.1076974,80.2444729,PERAMBUR                           ,PER  ,MAS,TAMIL NADU,B
9.4522791,77.5606012,RAJAPALAIYAM                       ,RJPM ,MDU,TAMIL NADU,B
9.358537,78.837463,RAMANATHAPURAM                     ,RMD  ,MDU,TAMIL NADU,B
11.4957219,77.2375453,SATTUR                             ,SRT  ,MDU,TAMIL NADU,B
8.9873231,77.2422428,SENGOTTAI                          ,SCT  ,MDU,TAMIL NADU,B
8.963996,77.307273,TENKASI JN                         ,TSI  ,MDU,TAMIL NADU,B
10.9922836,76.9586897,TIRUTTANI                          ,TRT  ,MAS,TAMIL NADU,B
13.1160752,79.9128489,TIRUVALLUR                         ,TRL  ,MAS,TAMIL NADU,B
11.5350915,79.3160998,VRIDDHACHALAM JN.                  ,VRI  ,TPJ,TAMIL NADU,B
12.739694,77.8203946,HOSUR,HSRA,SBC,TAMIL NADU,B
23.7927856,91.2784206,AGARTALA,AGTL,LMG,TRIPURA,B
26.87024,80.96944,CHOPAN,CPU,DHN,UTTAR PRADESH,B
25.4195592,83.6684396,DILDARNAGAR JN.,DLN,DNR,UTTAR PRADESH,B
24.2034315,83.0398201,RENUKUT,RNQ,DHN,UTTAR PRADESH,B
25.29,80.5702,ATARRA,ATE,JHS,UTTAR PRADESH,B
28.675933,77.376293,BABINA ,BAB,JHS,UTTAR PRADESH,B
27.1476765,78.3866687,FIROZABAD,FZD,ALD,UTTAR PRADESH,B
25.0632614,81.0940571,MANIKPUR,MKP,JHS,UTTAR PRADESH,B
27.0862449,78.5755779,SHIKOHABAD,SKB,ALD,UTTAR PRADESH,B
25.1607415,82.5020273,VINDHYACHAL,BDL,ALD,UTTAR PRADESH,B
26.838004,80.909968,AISHBAGH,ASH,LUCKNOW,UTTAR PRADESH,B
26.869313,80.9609809,BADSHAHNAGAR,BNZ,LUCKNOW,UTTAR PRADESH,B
28.3562443,79.4033523,BAREILLY CITY,BC ,IZZATNAGAR,UTTAR PRADESH,B
26.381352,83.9329273,BHATNI JN.,BTT,VARANASI,UTTAR PRADESH,B
27.3821694,79.5714452,FARRUKHABAD JN.,FBD,IZZATNAGAR,UTTAR PRADESH,B
27.3700608,79.6209523,FATEHGARH,FGR,IZZATNAGAR,UTTAR PRADESH,B
25.5834149,83.5672159,GHAZIPUR CITY,GCT,VARANASI,UTTAR PRADESH,B
27.0265601,79.9260037,KANNAUJ,KJN,IZZATNAGAR,UTTAR PRADESH,B
26.4554561,80.3286295,KANPUR (ANWARGANJ),CPA,LUCKNOW,UTTAR PRADESH,B
27.8009036,78.6453702,KASGANJ JN.,KSJ,IZZATNAGAR,UTTAR PRADESH,B
26.0886115,82.8663338,KHORASAN ROAD,KRND,VARANASI,UTTAR PRADESH,B
27.9474079,80.7773271,LAKHIMPUR,LMP,LUCKNOW,UTTAR PRADESH,B
25.2995695,82.9722609,MANDUADIH,MUV,VARANASI,UTTAR PRADESH,B
27.0396745,82.2268745,MANKAPUR JN.,MUR,LUCKNOW,UTTAR PRADESH,B
28.6156607,79.8142314,PILIBHIT  JN.,PBE,IZZATNAGAR,UTTAR PRADESH,B
26.2978884,83.9234271,SALEMPUR JN.,SRU,VARANASI,UTTAR PRADESH,B
27.5575087,80.6993652,SITAPUR,STP,LUCKNOW,UTTAR PRADESH,B
25.8081883,84.4811296,SURAIMANPUR,SIP,VARANASI,UTTAR PRADESH,B
26.1529502,81.8061244,AMETHI,AME,LKO,UTTAR PRADESH,B
28.8925334,78.47562,AMROHA,AMRO,MB,UTTAR PRADESH,B
29.679651,77.670755,DEOBAND,DBD,DLI,UTTAR PRADESH,B
25.7335559,82.66784,JAUNPUR CITY,JOP,LKO,UTTAR PRADESH,B
29.752678,78.019873,LAKSAR,LRJ,MB,UTTAR PRADESH,B
29.603456,78.336385,NAZIBABAD,NBD,MB,UTTAR PRADESH,B
26.4606509,81.63278,NIHAL GARH,NHH,LKO,UTTAR PRADESH,B
25.5520686,82.0907769,PHUL PUR,PLP,LKO,UTTAR PRADESH,B
25.4685711,81.8679168,PRYAG,PRG,LKO,UTTAR PRADESH,B
28.691598,77.562796,SAHIBABAD,SBB,DLI,UTTAR PRADESH,B
29.2151695,79.5339112,HALDWANI,HDW,IZZATNAGAR,UTTARAKHAND,B
29.2046466,78.9610369,KASHIPUR JN.,KPV,IZZATNAGAR,UTTARAKHAND,B
29.0713226,79.5173099,LALKUAN,LKU,IZZATNAGAR,UTTARAKHAND,B
30.031773,78.2094759,RAIWALA,RWL,MB,UTTARAKHAND,B
30.1076671,78.2879425,RISHIKESH,RKSH,MB,UTTARAKHAND,B
24.0892121,88.2637907,BERHAMPUR COURT,BPC,SDAH,WEST BENGAL,B
23.6585455,87.6985899,BOLPUR,BHP,HWH,WEST BENGAL,B
23.4734729,87.428001,PANAGARH,PAN,ASN,WEST BENGAL,B
23.603675,87.1175091,RANIGANJ  ,RNG,ASN,WEST BENGAL,B
26.26951,88.185327,ALUABARI ROAD,AUB,KIR,WEST BENGAL,B
25.874491,87.838755,DALKHOLA,DLK,KIR,WEST BENGAL,B
26.5741594,88.9938132,DHUPGURI,DQG,APDJ,WEST BENGAL,B
26.123806,89.4680588,DINHATA ,DHH,APDJ,WEST BENGAL,B
26.7269272,89.3471774,HASIMARA,HSA,APDJ,WEST BENGAL,B
26.5186267,88.7239855,JALPAIGURI,JPG,KIR,WEST BENGAL,B
26.8739565,88.7256797,NEW MAL JN.,NMZ,APDJ,WEST BENGAL,B
25.2763168,88.0099498,SAMSI,SM,KIR,WEST BENGAL,B
23.4955626,86.6853046,ADRA,ADRA,ADA,WEST BENGAL,B
23.2244876,87.074646,BANKURA,BQA,ADA,WEST BENGAL,B
22.425079,87.307418,MIDNAPUR,MDN,KGP,WEST BENGAL,B
23.3257413,86.3782031,PURULIA,PRR,ADA,WEST BENGAL,B
22.5412216,88.3472726,RABINDRA SADAN,KRSD,NA,WEST BENGAL,B
22.4946392,88.3450318,MAHANAYAK UTTAM KUMAR,KMUK,NA,WEST BENGAL,B
22.5166525,88.3460033,KALIGHAT,KKHG,NA,WEST BENGAL,B
22.5079927,88.345643,RABINDRA SAROVAR,KRSB,NA,WEST BENGAL,B
22.4641823,88.3806067,KAVI NAZRUL,KKNZ,NA,WEST BENGAL,B
22.5667955,88.3541375,CHANDNI CHOWK,KCWC,NA,WEST BENGAL,B
23.6652796,87.016241,JATINDAS PARK,KJPK,NA,WEST BENGAL,B
22.6012986,88.3725858,SHYAMBAZAR ,KSHY,NA,WEST BENGAL,B
22.9867569,87.8549755,CENTRAL,KCEN,NA,WEST BENGAL,B
22.4735038,88.3608737,MASTARDA SURYASEN,KMSN,NA,WEST BENGAL,B
22.5960291,88.3652848,SOVABAZAR SUTANUTI,KSHO,NA,WEST BENGAL,B
22.6058132,88.3860997,BELGACHIA,KBEL,NA,WEST BENGAL,B
22.5546905,88.3502688,PARKSTREET,KPSK,NA,WEST BENGAL,B